dataset,feature,importance_sum,freq_top20
immune,% CD14+ d0,0.07091747687467401,5
immune,% CD19+ CD3- CD27+ IgG+ d0,0.0590961699084104,6
immune,% CD4+ CCR7+ RO- CD31+ CXCR3- d0,0.099613494265026,9
immune,% CD4+ CCR7+ RO- CD31- CXCR3+ d0,0.053626552393298305,4
immune,% CD4+ M CD25+ CD27- d0,0.08415235439425259,7
immune,% CD4+ M CD25- CD27+ d0,0.07346454512452588,8
immune,% CD4+ M CXCR5+ CCR7- d0,0.055977064765267405,6
immune,% CD4+ M Treg (FOXP3+ HELIOS+) d1,0.069203130165195,8
immune,% CD4+ N FOXP3+ d1,0.0840912065729598,8
immune,% CD4+ N Treg (FOXP3+ HELIOS+) d1,0.08138289022276231,9
immune,% CD4+ RO+ CCR6+ CD161- d6,0.051152708614251904,4
immune,% CD4+ RO+ CCR6+ IL-22+ IL-17+ d1,0.0753924560894499,7
immune,% CD4+ RO+ CCR6+ IL-22- IL-17+ d1,0.0524640687711907,6
immune,% CD4+ RO+ CCR6+ INFg- IL-17+ d1,0.1247931459945991,9
immune,% CD4+ RO+ CCR6+ total IL-17+ d1,0.11049824685093809,10
immune,% CD4+ RO+ CCR6+ total INFg+ d1,0.05246086056164241,6
immune,% CD4+ RO+ CCR6- IL-17+ INFg+ d6,0.115127827644319,11
immune,% CD4+ RO+ CCR6- IL-17+ INFg- d6,0.10133902961367251,9
immune,% CD4+ RO+ CCR6- INFg+ TNFa- d1,0.0746674464741405,7
immune,% CD4+ RO+ CCR6- total IL-17+ d6,0.1119449847245921,10
immune,% CD4+ RO+ CD161+ IL-17+ INFg- d6,0.10720270149640179,9
immune,% CD4+ RO+ CD161+ total IL-17+ d6,0.0544314942783688,6
immune,% CD4+ RO+ CD27- (TEM) d0,0.06117529415479721,5
immune,% CD4+ RO+ INFg+ TNFa- d1,0.06360996833476651,8
immune,% CD4+ RO+ INFg- IL-17+ d1,0.0672977685756989,6
immune,% CD4+ RO- CD27- (TEMRA) d0,0.0560077191011301,6
immune,% CD8+ IL-17+ IL-22+ d6,0.1096932479910084,6
immune,% CD8+ INFg+ IL4+ d1,0.09029797271296809,9
immune,% CD8+ INFg- IL4+ d1,0.05307722083847161,5
immune,% CD8+ MAIT INFg+ GzA+ d1,0.0756418336189342,8
immune,% CD8+ MAIT total INFg+ d1,0.0658360596310786,7
immune,% CD8+ MAIT total TNFa+ d6,0.055579880701520507,5
immune,% CD8+ RO+ CCR6+ d1,0.0579669717414787,4
immune,% CD8+ RO+ CCR6- IL4- GMCSF+ d1,0.0556384817945119,6
immune,% CD8+ RO+ CCR6- INFg+ TNFa+ d1,0.0541636507081538,6
immune,% CD8+ RO+ CCR6- total INFg+ d1,0.055402880745707095,6
immune,% CD8+ RO+ Va7.2- total TNFa+ d6,0.078769837180537,6
immune,% CD8+ RO- CCR6- IL4- GMCSF+ d1,0.05497218058909011,5
immune,% DN RO+ CCR6+ d1,0.059832787299750695,5
immune,% DN RO+ CCR6- INFg+ TNFa+ d1,0.1046062977905532,8
immune,% DN RO+ CCR6- INFg- TNFa+ d1,0.2682907281247411,10
immune,% DN RO+ CCR6- total INFg+ d1,0.10772008889989519,9
immune,% DN d6,0.050868973525642305,4
immune,% Dcs CD1c+ d0,0.0968129864691555,7
immune,% viable CD3- CCR6- CD161+ INFg- d1,0.0553081608867586,6
immune,% viable CD3- CCR6- GzA+ INFg+ d1,0.08090478631453699,7
immune,% viable CD3- CCR6- d1,0.058426514832898103,5
immune,%CD8+ CD161+ Va7.2- d6,0.06041261675719391,5
immune,%DN CD161+ Va7.2- d0,0.0556701998092727,6
immune,CD3+ gdTCR+ CD3hi,0.16134920240095843,10
immune,CD4:CD8 d0,0.08347532284038468,7
immune,DN % RO+ CD27- d0,0.0699276717947515,5
immune,DN % RO- CD27+ d0,0.0790021040246433,9
immune,DN % RO- CD27- d0,0.0650573853748001,4
immune,NK Cells (% CD3- 2B4+),0.07584593506436631,7
immune,Total gd Cells (gdTCR CD3hi + CD3lo),0.1228431013697628,10
immune,total % CD4+ d0,0.10750761998238881,9
immune,total % CD8+ d0,0.07824146229755861,9
immune,total % DN d0,0.1270491080258616,9
specie,Alistipes_communis,0.27401448059799316,10
specie,Alistipes_finegoldii,0.24144416160307783,8
specie,Bacteroides_ovatus,0.1977671685716437,8
specie,Bifidobacterium_longum,0.1429719684668637,5
specie,Bilophila_wadsworthia,0.19480483486394864,6
specie,Blautia_faecis,0.1825603204281838,5
specie,Blautia_wexlerae,0.21571211367638166,9
specie,Candidatus_Cibiobacter_qucibialis,0.1425397201303276,4
specie,Clostridiales_bacterium,0.1564007233025975,4
specie,Clostridium_fessum,0.15508512257861432,6
specie,Clostridium_sp_AF15_49,0.14971789296905508,5
specie,Clostridium_sp_AF36_4,0.15369952348185859,6
specie,Clostridium_sp_AM49_4BH,0.4489366773847882,9
specie,Coprococcus_eutactus,0.2679195093083726,7
specie,Dialister_invisus,0.2274314674431615,8
specie,Dysosmobacter_welbionis,0.41724023295449064,11
specie,Escherichia_coli,0.13851469177473788,4
specie,Faecalibacterium_prausnitzii,0.2382104032633924,10
specie,Flavonifractor_plautii,0.14117148280072958,3
specie,GGB9602_SGB15031,0.16210968534288037,5
specie,GGB9615_SGB15053,0.19361637753607078,6
specie,GGB9635_SGB15106,0.1884129511836737,5
specie,GGB9758_SGB15368,0.12621496772934818,5
specie,Odoribacter_splanchnicus,0.2079048111461032,6
specie,Parasutterella_excrementihominis,0.13367929513784288,3
specie,Roseburia_faecis,0.1870177698435038,7
specie,Roseburia_inulinivorans,0.20141499626575637,7
specie,Roseburia_sp_AF02_12,0.1529824875420178,6
specie,Ruminococcus_bicirculans,0.25206250524890605,10
specie,Ruminococcus_gnavus,0.2178061862668639,10
specie,Ruthenibacterium_lactatiformans,0.14988475531030998,4
specie,Streptococcus_thermophilus,0.17149992668627878,5
kegg,K00459,0.0186146396805663,11
kegg,K00567,0.021731670184661604,9
kegg,K01040,0.024835327462322296,12
kegg,K01198,0.022466188248924497,12
kegg,K01281,0.0229173993977638,10
kegg,K01546,0.019325828997352145,8
kegg,K01560,0.021081585188123798,9
kegg,K01607,0.033363051600723705,12
kegg,K01821,0.030293611830996096,9
kegg,K01910,0.033979985690879205,12
kegg,K02055,0.0194519321406184,9
kegg,K02510,0.027732998223821997,9
kegg,K02517,0.022421148135587605,10
kegg,K02744,0.028383079352391698,10
kegg,K02793,0.01790910540712124,9
kegg,K05791,0.017848609530100323,7
kegg,K06013,0.018060740565471998,10
kegg,K07319,0.018954215285342,11
kegg,K08722,0.027984028559960558,11
kegg,K09469,0.02769242120766321,9
kegg,K10241,0.028319711772527636,11
kegg,K11733,0.0258010785211849,9
kegg,K15515,0.0178821012501082,11
kegg,K15924,0.020294376995913303,10
kegg,K16248,0.020530325276721,11
kegg,K16951,0.026477096097894094,10
kegg,K17204,0.0237176963571037,11
kegg,K17319,0.020893346340270395,11
kegg,K17398,0.0561195798841694,12
kegg,K18119,0.0288377042885839,9
kegg,K18344,0.02759720559652317,10
kegg,K18427,0.021168188546213704,10
kegg,K18866,0.0262794281331972,12
kegg,K18889,0.0214510558993674,11
kegg,K18979,0.020275059808434602,10
kegg,K19092,0.03448862910578178,10
kegg,K19405,0.018206755332070276,10
kegg,K21023,0.0383978614970211,9
kegg,K21417,0.0555279942242087,12
kegg,K21578,0.0217461127819164,10
kegg,K21579,0.020567701414263197,11
kegg,K21948,0.029220149013531826,8
kegg,K22405,0.023908348073199196,11
kegg,K22424,0.03447012872016222,9
kegg,K22605,0.019889796916076872,11
kegg,K22607,0.0188538098177152,9
kegg,K23547,0.022032569215214907,10
metabolome,1-palmitoyl-2-docosahexaenoyl-GPC (16:0/22:6),0.048207506611563894,6
metabolome,1-stearoyl-2-arachidonoyl-GPC (18:0/20:4),0.1184410959797474,11
metabolome,1-stearoyl-2-docosahexaenoyl-GPC (18:0/22:6),0.0690372866564319,11
metabolome,10-undecenoate (11:1n1),0.05100313438132151,9
metabolome,2-aminoheptanoate,0.0593294364083061,10
metabolome,2-ketocaprylate,0.0513517761500907,10
metabolome,3-carboxy-4-methyl-5-pentyl-2-furanpropionate (3-CMPFP)**,0.0752414540406208,11
metabolome,3-hydroxydecanoylcarnitine,0.0519153273335007,11
metabolome,4-allylphenol sulfate,0.053999222809867894,11
metabolome,4-vinylphenol sulfate,0.0496587635823082,10
metabolome,"N,N-dimethylalanine",0.062342570530698596,11
metabolome,N-acetyl-aspartyl-glutamate (NAAG),0.0805418332268129,10
metabolome,N-acetylglucosamine/N-acetylgalactosamine,0.0488109873002016,9
metabolome,N-palmitoyl-sphingosine (d18:1/16:0),0.0779657970655628,10
metabolome,N4-acetylcytidine,0.10917374536239949,10
metabolome,X-11795,0.138818775204334,9
metabolome,X-23644,0.0508078311440411,11
metabolome,alpha-tocopherol,0.0575670038506544,12
metabolome,androsterone glucuronide,0.0823782018227874,10
metabolome,arachidonoylcarnitine (C20:4),0.0888972051690805,9
metabolome,beta-hydroxyisovalerate,0.050692772327638,9
metabolome,"bilirubin (E,Z or Z,E)*",0.0671890930194076,9
metabolome,catechol sulfate,0.12665252390295562,12
metabolome,choline phosphate,0.069065609579052,11
metabolome,decadienedioic acid (C10:2-DC)**,0.052281515728337696,10
metabolome,deoxycarnitine,0.11099583213375203,10
metabolome,dihomo-linolenoylcarnitine (C20:3n3 or 6)*,0.063327936791191,9
metabolome,glucuronate,0.10236755818098109,11
metabolome,glycochenodeoxycholate glucuronide (1),0.10859689222286008,10
metabolome,glycodeoxycholate 3-sulfate,0.11592535228791839,10
metabolome,guaiacol sulfate,0.0591956765729426,12
metabolome,gulonate*,0.06351228918341209,10
metabolome,hippurate,0.0741916552806295,11
metabolome,homostachydrine*,0.08704655743415432,9
metabolome,imidazole lactate,0.1016300048710919,9
metabolome,maleate,0.0905137769766597,11
metabolome,mannitol/sorbitol,0.12226893499905558,11
metabolome,oleoyl-linoleoyl-glycerol (18:1/18:2) [1],0.07437489777986869,9
metabolome,palmitoyl dihydrosphingomyelin (d18:0/16:0)*,0.0511319659473554,8
metabolome,pantothenate,0.0535906671351443,9
metabolome,pseudouridine,0.06682577430446811,8
metabolome,salicylate,0.0529118076124488,10
metabolome,tryptophan betaine,0.10577510804182769,11
metabolome,undecenoylcarnitine (C11:1),0.0522268547428095,7
metabolome,vanillylmandelate (VMA),0.1621700013596538,11
quest,ALT,0.4350374374581773,6
quest,Albumin/Globulin Ratio,0.482117525607085,10
quest,Alkaline Phosphatase,0.32701680587935955,6
quest,"Bilirubin, Total",0.5859988075976023,9
quest,Chol/HDLC Ratio,0.5791842669931074,7
quest,Non HDL Cholesterol,0.48279944304259553,9
quest,Potassium,0.4036695386214665,7
quest,Urea Nitrogen (BUN),0.5260009994518609,9
