,score_pred_0,score_pred_1,score_pred_2,score_pred_3,score_pred_4,score_pred_5,score_pred_6,score_pred_7,score_pred_8,score_pred_9,score_pred_10,score_pred_11,true_label,fold
SAM000452_tp2,0.3891482913527098,2.348744068624533,1.012801149918851,0.7426187161157095,0.3125547886748117,0.4567619859961529,0.3556578871103288,0.5453116331158688,0.43142088065659856,0.6241647010197263,0.4059365878378266,0.2183394757378418,1,1
SAM000537_tp2,0.2804003512524514,1.601796723724741,1.110639533492071,0.7036066098373923,0.3014927099447409,0.30968656833228625,0.24148947913420973,0.45541982316780844,0.38100599698878185,0.6209274695942234,0.35630956418561716,0.19182090882198335,0,1
SAM000254_tp1,0.3121686286135078,1.8699560607519112,0.9028219507291191,0.7582677351370926,0.3023087192137374,0.3436936177049845,0.32347646876884967,0.4632139639420563,0.40457718431705403,0.6221719963479663,0.3660873678422088,0.198947090659757,0,1
SAM000487_tp1,0.47260539903214105,2.3063602083778547,1.0218026683229544,0.7236688969830977,0.30084079203448694,0.4575965740076572,0.3685878795030147,0.5710392032843312,0.46145204967675746,0.6419344580300809,0.44037163133522034,0.23677281864917096,1,1
SAM000444_tp1,0.2800831969060219,1.4828051809235658,0.8148250466142793,0.7642693677699625,0.2941872561262702,0.2951716715511483,0.25714699541916913,0.4183347065020005,0.4219804870348415,0.6283785156107669,0.35214357770845817,0.18723888792136414,0,1
SAM000364_tp1,0.5466739304132482,3.1135411248171203,1.2357612589895215,0.8376120958675525,0.3450503065935894,0.5479016721575254,0.459234029753106,0.6847258300134362,0.4383351661087007,0.6354926457814447,0.5038584827761442,0.2657876479019482,1,1
SAM000333_tp1,0.2927947246420034,1.4630111853647636,0.9349218754198979,0.7444181425716438,0.27787671324035645,0.3273387976565102,0.2587562844228141,0.4491534042116321,0.4232277887160452,0.6285951895588123,0.36299802255456065,0.19044317750602324,1,1
SAM000248_tp2,0.28526226632489726,1.6720271157026994,0.6684232371317342,0.7093564890007417,0.26361019244558237,0.2918675283576817,0.27706290747687495,0.43518120742774047,0.4414418820202075,0.6346302877055519,0.37178129360709344,0.19311921019797246,0,1
SAM000265_tp2,0.4159812835665216,2.6173272577646487,1.0225665376195905,0.7649476134909444,0.3003704913132882,0.44377686720657145,0.3671196436716206,0.5774376206655817,0.42296842365835147,0.6510911187088932,0.4356800721074272,0.2186908513659192,1,1
SAM000445_tp2,0.35148468399572275,2.1854267193639836,0.8845156253365196,0.6978609708713757,0.2993749049247999,0.37429100689104416,0.3348784584301183,0.5032863249740702,0.41667062898835105,0.6127630461780317,0.3816930800133344,0.21733804944703888,0,1
SAM000321_tp2,0.20769664616510514,1.5268611680111674,0.8664967119898164,0.7179689502265443,0.28827608048735726,0.3151695265811083,0.22484966173176005,0.3845711419155361,0.3866553448832572,0.5943126489754649,0.33370728188307247,0.17763740789623353,0,1
SAM000242_tp2,0.3675395528050276,2.4527634335500306,1.044273655461189,0.7945844585597963,0.3269422636786399,0.44512266769246095,0.3291229325557652,0.5382218345913601,0.42300331016992615,0.6384412225522054,0.4359784509699414,0.2346834856084382,1,1
SAM000309_tp1,0.417431048956381,2.3813964494838866,1.0434271270429678,0.8036257904973155,0.31265553609568014,0.4515912895926077,0.35823147750420536,0.5476707085382371,0.44383184440349716,0.6124022820712044,0.4528917966861901,0.2429112046923312,1,1
SAM000273_tp2,0.47094749505367306,2.667225074249982,0.7659224841810033,0.7684800210510013,0.2906769484419058,0.4646721165556273,0.3853140140672317,0.5705485501027808,0.4241741903980067,0.6184934922112411,0.4322849498863834,0.23005045243744038,1,1
SAM000419_tp1,0.3178461736346559,1.9365671222440712,0.8901635765178877,0.8255839208615998,0.2910009597251786,0.35047175258952634,0.31035664917654,0.4934593406505357,0.41077061924097275,0.6278587741510101,0.4167063416912059,0.20950946644594803,0,1
SAM000350_tp2,0.454444702604159,2.4802489800117025,0.8443769171468593,0.7718555586603344,0.290995141757666,0.45970699946959825,0.4252328508090274,0.5712143753577931,0.44814863400029203,0.6300312319131425,0.4481516887469182,0.22791318287828877,1,1
SAM000210_tp2,0.4748598828247513,2.473413093833435,0.9796248789718284,0.7576882253697874,0.2994765157129181,0.46375212483218753,0.3710638044631021,0.5701382116225264,0.4407107965367658,0.6442952542686122,0.4256934206055818,0.24313697692854938,1,1
SAM000253_tp1,0.4123048271166107,2.1878101367623266,1.0320257473095598,0.7021087205251826,0.30588535205856865,0.4019069744102372,0.3247707585419247,0.5171300665697967,0.4332245708241473,0.6644470895348887,0.4228484265773269,0.22409905514913475,1,1
SAM000501_tp2,0.2547475720228409,1.8741002519882528,0.9269846984204729,0.7155041137071226,0.27585235511993067,0.30862016526474045,0.2477912629308653,0.4382739103750219,0.4001814727001696,0.625849661036251,0.35165847645335907,0.17907209739537477,0,1
SAM000342_tp1,0.42356201922995745,2.573756340519203,1.0761489036312448,0.8112468340415045,0.31535464734581187,0.44610508842930996,0.3554748451314065,0.5597977174349268,0.42454667070493424,0.6410425130352353,0.4142294031398609,0.23627618986506416,1,1
SAM000491_tp1,0.25611821308086,1.778494045740568,0.9861847510672006,0.7168269838024544,0.29604672251760783,0.3356233383738128,0.2582570422659229,0.429200488722454,0.4028472715767567,0.6377857346836651,0.37428675824157565,0.19437461640309003,0,1
SAM000379_tp1,0.22840321716353892,1.6237412002417586,0.9521756423138119,0.8141102649408238,0.2788090561174982,0.2900695380948174,0.24130886856243136,0.43165086683100884,0.3974272295691133,0.6341586260047913,0.3844441005858684,0.1874968097799092,0,1
SAM000422_tp2,0.4744166311891533,2.475995763254045,1.1431394202930547,0.7645595645900352,0.32981934574843863,0.4645728857870814,0.39210969088021386,0.5612132354502523,0.4385566141343666,0.6507981915881191,0.42797512009552025,0.23885282284100978,1,1
SAM000332_tp1,0.24339164296713667,1.5344441218616622,0.7489843756826877,0.7937032226217359,0.27506237125596233,0.3105085222964513,0.23388069365033584,0.39270917307478515,0.3954383605661105,0.6095113320360682,0.35150375283592666,0.18474230620267598,0,1
SAM000281_tp1,0.4944952604626767,2.493221070025022,1.112938004533087,0.7780071204279276,0.3097439822587983,0.491754147061487,0.41201569863791176,0.5892297242557767,0.4534414977177071,0.6770898943407269,0.47367887845336243,0.25575233161737876,1,1
SAM000327_tp2,0.36395998804733865,2.4264876404361293,1.0299076662881463,0.7693432243099145,0.2968124221462112,0.39061893692920097,0.3271970694029086,0.5404116538619905,0.39057634355443865,0.6183524773260949,0.41660198063435994,0.22413115395330407,1,1
SAM000481_tp2,0.3887131887275483,2.2429682787061838,1.0865446491447823,0.7065632355683202,0.3129996388299209,0.40517942899681914,0.3417283363009605,0.5512841836498147,0.4107805506847638,0.6155498048021978,0.4308401173565506,0.2309871980222915,1,1
SAM000241_tp1,0.44306433892463987,2.204588740076602,1.0434774343857958,0.7673421786562497,0.29963002965194335,0.45061770406164564,0.37824909158506914,0.5416948520559032,0.4539242092150569,0.659426168973024,0.4267022885163106,0.23927514943186687,1,1
SAM000502_tp1,0.3138117368747646,1.960131637885542,0.849488632260327,0.7973724378750588,0.2775280606832927,0.3562164417135073,0.2483540921388457,0.5005183901840093,0.4125145221937375,0.6309564665403332,0.3965653449098139,0.19950200811281482,1,1
SAM000390_tp1,0.46952733004201463,2.4244446494462135,0.9639030179496689,0.8341101990703383,0.2984266386928631,0.48294488238105127,0.39746286811447284,0.5901632856385393,0.4466130497377948,0.6415400214150669,0.4793269983465799,0.242458851445065,0,1
SAM000258_tp2,0.39417203675618606,2.445015050808466,1.0424926575209306,0.7634838891916182,0.30522499996709135,0.44976382253467556,0.3537492214794345,0.5698862629179835,0.4255857877072778,0.6440882022598831,0.4509801233180334,0.22761202056802685,1,1
SAM000411_tp1,0.5057849196562829,2.8722890871154005,1.0434385499850232,0.8255598987464442,0.3088484729815878,0.5012937904182572,0.40720572165696517,0.6047657571766941,0.46388825866238825,0.6469759878925488,0.4794250003571242,0.2508837528913699,1,1
SAM000484_tp2,0.365351942271478,2.347232497251068,1.0657728456919555,0.7275581537167694,0.29241659459472696,0.3998652006673764,0.3483505690031976,0.5324585812462271,0.40139065324495493,0.6490153091399036,0.4255673987829544,0.23370699704668754,1,1
SAM000497_tp2,0.37307933828510004,2.3439635320434404,0.9066562164564533,0.7460767861325773,0.27862057739121987,0.4060515186935957,0.3557726002450394,0.5186822074963741,0.43471466988207724,0.6328792450965579,0.4194816289432159,0.21870203005760683,1,1
SAM000301_tp2,0.30282014465026685,1.7905598097492685,0.9141141312322684,0.7229349283864499,0.29181400146765407,0.3642361205617952,0.3022155519823887,0.4586002981013545,0.4221670033347097,0.6216706834478847,0.370588273031889,0.2054181418736751,1,1
SAM000361_tp2,0.27782646651833187,1.9685297166103422,0.8969230632412818,0.7156794029499455,0.2808811492140945,0.3192356735676853,0.2253395135187721,0.43288166884217477,0.3838824229394321,0.6218579186750544,0.34346748892940954,0.1914595028896222,0,1
SAM000498_tp1,0.41291353372736395,2.4811800595673827,1.0438696869924793,0.7520100719136092,0.31467444879589235,0.49025996011074896,0.3440794868013036,0.6071533720201644,0.41858175403341086,0.6319613315817828,0.474295508195122,0.22350946093374507,1,1
SAM000259_tp1,0.21133034026388484,1.5709081426880664,0.770463022639941,0.8114679822438391,0.27254698522249493,0.3363086349670185,0.22986859644252927,0.41499493399333703,0.3986229661661293,0.6103138704741231,0.34735869666194646,0.1802279886995482,0,2
SAM000333_tp2,0.329152337320772,2.1014056269212675,0.9650812673912221,0.7116278603953817,0.28696539642676894,0.36292967506368223,0.29349170266214236,0.49159679983010796,0.41216500957852553,0.6412781561334342,0.37484408075211234,0.21772403101070686,1,2
SAM000309_tp3,0.45738066619337,2.395097908623081,1.0255679823417023,0.7527224434763689,0.3104965894535714,0.49347186517332425,0.40553389691391734,0.5498200040632946,0.4598357673422775,0.6385340381718738,0.4763645875089187,0.23456767382227317,1,2
SAM000246_tp2,0.2978654083199741,2.0484295078096246,0.9478732101517632,0.7063571117049168,0.28441407980294614,0.35777324886236495,0.2971729146866355,0.4712205006985591,0.39073904373770757,0.6218359443786289,0.3847643875576006,0.18741379630079688,1,2
SAM000447_tp1,0.20508346847171255,1.430774068896597,0.8849431728052229,0.7841315134860392,0.2771258312243306,0.3043388187931869,0.2561381542707453,0.4235922088917793,0.413661928492021,0.6161526487946838,0.34670805951485145,0.17966526064245525,0,2
SAM000530_tp2,0.3430869204336511,2.270277377336225,1.021826438527618,0.7952562997000797,0.31340272354949283,0.4205291818839173,0.3319013007981868,0.5406309016795173,0.4091913314408664,0.6168309393471069,0.40776712168252144,0.2235548098612366,0,2
SAM000382_tp1,0.4218928453925727,2.452315614021464,0.9473954579908543,0.8274232194959853,0.28643344508647783,0.4404674778060373,0.3793242249387211,0.5738070470313719,0.43684970141198276,0.6327955723755889,0.4322204102112265,0.2193540139539385,0,2
SAM000312_tp1,0.3242160043008262,2.075517932669241,0.7355499420065007,0.7764027819575949,0.27219733464541324,0.3377981084822427,0.28366966451668646,0.48456175124508344,0.4444144047478027,0.6169594212108621,0.35743222028703786,0.22192516560710263,0,2
SAM000383_tp1,0.444977961303346,2.6109735141676897,1.1069849641137504,0.8108347597257406,0.30802930103856435,0.46131205717325807,0.40472699000144857,0.6011289323395402,0.4364418795416225,0.6241642590782033,0.46064163090765875,0.2520080574209439,1,2
SAM000396_tp2,0.358096411772503,2.1313275572372516,0.9611044497067418,0.6768514856757585,0.30084210709357967,0.3914507349352113,0.3079821159168089,0.4794192946698289,0.4170354872767956,0.6276927051126651,0.4008452240948359,0.2043341086066551,0,2
SAM000288_tp3,0.35910554048323434,2.1581578411924607,0.9072761698595193,0.7822064453226665,0.29117329337692377,0.39195738351465204,0.36032105547918325,0.49857345810041087,0.4541579762157469,0.6160787242405891,0.4056229063770582,0.20216167266717908,1,2
SAM000415_tp2,0.3886965587654524,2.0775542398429123,0.8776476028314256,0.7109945638539403,0.2931472053867782,0.3742391504017255,0.312560506485242,0.5211907490940187,0.4432579918233486,0.6485952488138509,0.3571929892898684,0.22081823743592657,1,2
SAM000237_tp1,0.49806951816825706,2.7892837062653273,1.143342637513648,0.8002151849046277,0.31900861180804685,0.5427502784044355,0.4217443881560346,0.6274990133324958,0.4421723465336499,0.6376695733220368,0.5148491295327644,0.25421143725295264,1,2
SAM000529_tp1,0.38489186326096997,2.1347971263417493,0.9158387403249161,0.7333502473631662,0.2781746565316226,0.4330785271839958,0.32277492979248196,0.4833348743105575,0.41420955482981614,0.6290513652466276,0.39808475051928793,0.2127585882138961,0,2
SAM000276_tp1,0.2275268513056875,1.5603454758243172,0.805323820636241,0.7351249135911391,0.2652820356840712,0.28013739413431965,0.2604347157586036,0.4000861620398261,0.4033995924238407,0.6015320885579909,0.33794637273747585,0.1637970821748795,1,2
SAM000203_tp2,0.37633377684371033,2.4107166632952497,0.9522632006769979,0.6775943886350981,0.28170025757483863,0.42453627276482675,0.3164208285355721,0.5257128669542818,0.4429956624432798,0.6365539435068159,0.39502973665093405,0.20737962229475315,1,2
SAM000497_tp1,0.31317171153470946,2.2166811063689007,1.0071827310415327,0.7270228702088575,0.27644668107101183,0.33189066556208147,0.27868828200596857,0.4766373271273539,0.41483492948442263,0.6240728790235832,0.38668891583988235,0.20874783300731703,1,2
SAM000251_tp2,0.4982212643186345,2.861378910129038,1.2896559862924741,0.7561791084073409,0.32769897983895524,0.5225123553464677,0.4258068369799807,0.6161922647202345,0.4452671640936953,0.6503581195104435,0.4500089251385058,0.2534576390928299,1,2
SAM000395_tp1,0.18082382896665714,1.4501785945561558,0.9961421674030656,0.7864173756684307,0.30682937525876164,0.2637060969888488,0.19896330522506278,0.3781590889679384,0.3856847879456731,0.6175472517386577,0.3187032211649246,0.15633698907989732,1,2
SAM000396_tp1,0.47178210919650726,2.649521390798646,1.1354129410583398,0.7929880769223173,0.33026535441430455,0.5165138554885224,0.3879658222205416,0.5701397359713402,0.4277990665108165,0.6459717970683727,0.448504006317092,0.2381588116286286,0,2
SAM000408_tp2,0.45611197831339007,2.5508937978529462,1.079903167902218,0.7123210217835266,0.3039198686311701,0.49567006774544936,0.3834393308972551,0.5657759697943837,0.4530187388821401,0.6249111641328348,0.4561855011151521,0.22133527155455057,1,2
SAM000415_tp1,0.303397371412683,1.6048272276941484,0.8365391394740476,0.7723476897513679,0.2752802354479453,0.2903386909405387,0.2704438758032511,0.4487292623182411,0.4374988730340587,0.6483440419840819,0.3339272776341888,0.18991557690151084,1,2
SAM000436_tp1,0.33751665047305207,2.2490455456015077,1.0901265158457776,0.7952313455560559,0.2938684147122135,0.35398840652733005,0.24778058791858718,0.49510757756792023,0.411983576497175,0.6345348638917315,0.41943275932813406,0.2026217363139401,0,2
SAM000293_tp2,0.33528595886709867,2.075576127993787,0.9845332074258321,0.7447756851218627,0.29545092830220426,0.3643919440894863,0.3368245344976215,0.4937022031473108,0.41322662414375905,0.6387319477807115,0.42605942201028635,0.21642671534512295,1,2
SAM000320_tp1,0.22022715815035546,1.290604332329765,0.9540946138859259,0.6998551092582792,0.2832603764318123,0.2583841503724853,0.21979826749679904,0.3518089034522893,0.4180950520273479,0.6394267435864777,0.30985271273694587,0.18234027087265997,0,2
SAM000529_tp2,0.2660970706533607,1.7956430180660603,0.939882753309818,0.6913119062369659,0.2924528895146256,0.3389549638880773,0.26513346704335405,0.4209995643876919,0.4250018239492102,0.6294855173746208,0.37589128419332857,0.18416847213469978,0,2
SAM000279_tp1,0.4806079849291131,2.937120418458146,1.078175788261462,0.8109945058152845,0.3077667265194093,0.5338278082779395,0.4284444071772286,0.5993275268533895,0.4511880857267102,0.6487804614120126,0.4825417491743319,0.2516139113552709,1,2
SAM000388_tp1,0.38668690988040005,2.42147581692699,1.0435515863875617,0.7769804831911108,0.3000997190078723,0.41893549501645455,0.34194874888900445,0.5564631646054947,0.4172965455514588,0.6300233578119104,0.4224415696352775,0.20588268637959622,0,2
SAM000363_tp1,0.28493173334463134,1.8667287931833878,0.9735127816323254,0.7685324970550291,0.3126351987986988,0.33191409689284174,0.2744329116978039,0.4395775128321712,0.40671073425901627,0.6171994470219797,0.36989904341522184,0.22144528465555183,1,2
SAM000246_tp1,0.1681989938692124,1.4273050659715834,0.8720361963587933,0.7209808822293887,0.2843940101820897,0.26745542195183486,0.1714310615745514,0.36167847908849526,0.3830598706054898,0.6201666777757769,0.278211115742003,0.15038855107885288,1,2
SAM000499_tp1,0.35168066574569046,2.1191538995515216,0.9886283617321555,0.7541293170551648,0.3086540923047529,0.399579131004904,0.34727705580889323,0.4978168881496895,0.42390561033555363,0.6365512153969752,0.40166017479066035,0.2015708785776202,1,2
SAM000306_tp1,0.24145406989186546,1.8567186044635284,0.7384869534536022,0.7971246203385973,0.2586692811247438,0.31346311102397323,0.22495574156565507,0.43742418536702105,0.4149248789281824,0.6107930669413867,0.3400008367327081,0.17719178214828446,1,2
SAM000316_tp2,0.3913381297305852,2.4113254595151163,0.962462562127024,0.7147590194189225,0.30713655184344735,0.4271563438193949,0.37564564771817105,0.5472495134726219,0.43867198939928004,0.6384803312150557,0.42328891302322075,0.2459690957337802,1,2
SAM000400_tp1,0.4254450709575432,2.3909328354402675,0.9184546248861787,0.8018658362364661,0.29526906794638264,0.4343399221809667,0.3243880252119828,0.5689373911536795,0.45461567999311775,0.6312234525603286,0.4108237801576295,0.22037556608708259,1,2
SAM000270_tp2,0.25524305923421514,1.6745607807498895,0.9053239886842138,0.6771893027116228,0.28660102511048696,0.3046381699510156,0.24950113206114855,0.3907869540634385,0.41500703426986957,0.6242158295630592,0.34251908553978105,0.17677683691019982,1,2
SAM000260_tp2,0.3990474055497994,2.45949156232178,0.9420547151124262,0.7458706202089299,0.30176973094718657,0.432102179974834,0.346302047843598,0.5305754095722007,0.4298317943338467,0.6404016077391839,0.4110911510395436,0.23450263815143527,1,2
SAM000428_tp1,0.23884126697389158,1.6277350255627772,0.9241679713622333,0.783765440795698,0.2885401032832017,0.26362263628321875,0.2611028457192678,0.41665473674111203,0.40382879281950684,0.6275913508682899,0.3076683560725933,0.20165541331166903,0,2
SAM000349_tp1,0.3648835346239948,2.0233295036768704,0.9074930622344504,0.7787440487322538,0.2842295207785146,0.3830189438108473,0.31572790243309284,0.5142049163422008,0.43202468823857815,0.622296780022939,0.3937212236525807,0.19989307648816088,1,3
SAM000398_tp2,0.3605574828410279,2.217200992250767,1.0774041483483883,0.741939249207196,0.3163168599684767,0.4158472633416303,0.33822307984953115,0.5114333674788578,0.41459849092425427,0.6257881378377417,0.40964715311996935,0.22250879323576306,1,3
SAM000291_tp2,0.3097521560371057,2.0247901318819257,0.8732658933846678,0.7389448289008921,0.29570151903644143,0.38195590101111554,0.27753274136417866,0.4809496010389402,0.4166832917776038,0.6278606523825861,0.36052657774012986,0.19756364013604957,1,3
SAM000213_tp1,0.3784739537202278,2.4607016275747076,1.0148149455748239,0.754875718375626,0.31776602325338493,0.4062386174268102,0.33467402871126034,0.49600288679166615,0.41983594921477385,0.6308445304472463,0.4165039947301769,0.2414895972603732,1,3
SAM000476_tp2,0.41024407290503334,2.2682693561399048,1.0369220438378028,0.7709543100903624,0.31918519065409806,0.4489092107242918,0.38866406815981625,0.5408441464602386,0.43587894281198886,0.6316233009770789,0.4260296786085174,0.25596819281529026,1,3
SAM000201_tp2,0.4168670882827725,2.4697574329857725,1.02256241809277,0.7814842944438083,0.30243183902635407,0.47028902547197715,0.3341120834099267,0.550962270131423,0.43544718817803224,0.6375934287112807,0.39457873714086733,0.24649142570099436,1,3
SAM000495_tp2,0.32492066944540743,1.9249198143929573,1.012806916783116,0.735698702480835,0.30490772227187174,0.4044681946508675,0.3422309794533285,0.4724930987830617,0.42977004953596604,0.6202584996687885,0.4315990233390782,0.23956812653558301,0,3
SAM000336_tp2,0.3111915541804525,1.9870511016127685,0.9988202457822236,0.7616511643409215,0.29154949585381634,0.38598503525212985,0.29309043482654307,0.49500564476204223,0.42081859783608183,0.6404848904739144,0.4201469771846699,0.21492928610291098,0,3
SAM000217_tp2,0.2587952077839919,1.486794833651428,0.8950274496678524,0.6957120741673651,0.2885327569947349,0.3400272185701382,0.2502945634684508,0.4191936536282072,0.39828110328979593,0.6160546926008853,0.3480469052591767,0.18047260722156466,0,3
SAM000223_tp3,0.47735346172933396,2.518825271685703,0.945349050617669,0.7514746878903257,0.30572106257995696,0.5048042554540768,0.38992049584589217,0.5794395074769318,0.44545725745723963,0.6213667735242074,0.43322993652080277,0.228816491472657,1,3
SAM000395_tp2,0.3530729261801024,2.2184402193780097,0.9787865250572519,0.7118831799982265,0.3051642571082333,0.4027654951290858,0.3221024892875034,0.4892091731820558,0.41325073831402137,0.6538504719278471,0.4026083354451155,0.2149786569433111,1,3
SAM000287_tp1,0.2526144401515314,1.7948643448804902,1.0014619108375171,0.7609662358736954,0.31260022660030573,0.3191450843345077,0.2859993503397184,0.43322485773392344,0.399821323494427,0.6063022714016145,0.39009331219976845,0.1800542933879368,1,3
SAM000341_tp1,0.3650121135103122,1.9217749511277427,0.9941813187327121,0.7834396287364168,0.2916438697276497,0.39262320645752213,0.3131117203185631,0.4872208363524322,0.4337202813075383,0.6210806358133096,0.387949885367153,0.1947438133161331,1,3
SAM000343_tp1,0.3472090898030896,2.2842447979273546,1.0553343500675931,0.76103100328846,0.29317629254598243,0.3613522867732813,0.33687084431525777,0.520226609125613,0.4270284824229647,0.6032554374136802,0.4196504632619288,0.2247062171848862,1,3
SAM000236_tp1,0.2609755802917703,1.8850240767315691,0.9251018118033398,0.7514476369958293,0.2987629503753982,0.3330494261064762,0.26581570363007506,0.44668855580449546,0.3986642911070141,0.611539316096472,0.3661520295679551,0.18778698305542155,1,3
SAM000475_tp1,0.41748172271575107,2.3543871544423527,1.033150369504623,0.7392048240456703,0.31891588535891324,0.4561494468938989,0.3999943479505059,0.550746529315612,0.4367888926128962,0.5966851950199064,0.42765969720239744,0.2472316061934901,1,3
SAM000238_tp2,0.3606606491072985,1.7709098843968931,0.8696348599368747,0.7085806087417823,0.29256031535911403,0.36268365636213806,0.30562172517762565,0.4782553478254235,0.44452231167101336,0.6349781934959862,0.3779319621697192,0.2169272282046262,0,3
SAM000290_tp1,0.41154293934261865,2.2894852065345805,0.9658750906061975,0.7388662037479687,0.30749778596939026,0.4042183277698224,0.37701669829022405,0.5334707993273342,0.4274494666185491,0.6324716351365297,0.45962679567186787,0.26221205523512403,1,3
SAM000253_tp2,0.36248614437740934,2.2538840784588468,1.0319802439408035,0.756350026165617,0.30668816666846793,0.4100158055518275,0.30416825854588786,0.5064946476528501,0.4103608824098732,0.6331918824804252,0.3893012115865103,0.2221117460622336,1,3
SAM000537_tp1,0.34565274052253364,2.3186332548935185,0.929893729642672,0.7248219802948593,0.29557444557095436,0.3476310435454694,0.30110423766667127,0.4839415130213215,0.40351826574338207,0.6322273014525545,0.39232652845793964,0.19892151444641382,0,3
SAM000467_tp1,0.2677908120912734,1.6577583436524663,0.8777476868554593,0.7843528804517341,0.2866011342313449,0.37801629727761105,0.29581824917292915,0.4293308936517577,0.44196872140734234,0.6247313987255009,0.44342376649707466,0.19649762880967406,0,3
SAM000309_tp2,0.5036902205568846,2.805206739205538,1.2097600836113447,0.7628605741038524,0.3332115707343037,0.5285132418836905,0.42615606840049475,0.6150690122040791,0.4553370218719994,0.6470213334355958,0.5170912118746194,0.26270450334994044,1,3
SAM000227_tp2,0.28442826647350017,2.0360016162426087,1.1043552672469035,0.7208758621219528,0.32193095038995084,0.3718292127305872,0.2953399733177647,0.4655325909564189,0.40782689442503334,0.6135439003261023,0.3993805309555442,0.2211163389132979,0,3
SAM000427_tp1,0.24628575909081218,1.827617385087876,0.8643393678484864,0.7539058287407201,0.2840602237151767,0.3137557825793851,0.29935713826642874,0.4266725094368681,0.37707565335005766,0.6167552676036564,0.39097079433083487,0.2091337806731911,0,3
SAM000496_tp2,0.31564512351462676,1.9233857972266049,0.9262911103992886,0.701628368231807,0.29187860031007756,0.33442960817376993,0.2708318065153445,0.426691585398053,0.4122676091049196,0.6107624050898015,0.3535028286392503,0.2078474801082068,0,3
SAM000203_tp1,0.38020722263513057,2.2593551833654497,0.9832861426407821,0.7213143902494248,0.3089843503180818,0.4334078619638003,0.3509211019030094,0.5166630181072686,0.4259687588763029,0.6304682252938326,0.38946789714394114,0.24678769429564532,1,3
SAM000425_tp2,0.43270668416227925,2.4955500926799794,1.0449395218135964,0.6976303585355795,0.3002393977454913,0.4358804153322417,0.32521473693377745,0.535569943343174,0.4121707471536294,0.6483626046834416,0.40884174814128627,0.2410205094836061,1,3
SAM000445_tp1,0.2901334092246162,1.8271326223480175,0.9501012838540364,0.7684695262675089,0.2876992411567733,0.363202056346022,0.2878137406879513,0.45022314434166893,0.40317625701349313,0.6322211981543314,0.3797877466374083,0.23229198271893373,0,3
SAM000490_tp2,0.31488815726559233,1.9021870123552025,0.9439150559913471,0.7383286127861288,0.3032473899791078,0.37704864377676295,0.2857162981923263,0.48409302059065856,0.407851275849694,0.6422824900579155,0.38418206568979024,0.20436267940474068,0,3
SAM000350_tp1,0.3343047141424755,2.0443304202102284,0.8032070529224223,0.7982235148120799,0.2830346002917271,0.3902258790936525,0.3424222559737657,0.4888847561405501,0.44978699497755614,0.627755178334916,0.4240637806299177,0.20387331884148563,1,3
SAM000407_tp2,0.4230731633154983,2.5098889823716,1.114160637275912,0.7427197825075497,0.3246674027707945,0.44775344741939427,0.3576243078134884,0.5866648066607905,0.4214771921269972,0.6445265199173328,0.4237143001146711,0.22579335058132272,1,3
SAM000320_tp3,0.2619218786321892,1.8078363697955389,0.9802077044380034,0.7236555571770773,0.2849616960754809,0.32092588996001065,0.26866664858140643,0.4727416329871829,0.39831332773896955,0.6256202548311393,0.3989542459311389,0.20760553302965387,0,3
SAM000299_tp3,0.31655839610943154,2.1225555939342406,1.0643267627056918,0.7576021292926778,0.3088624803616289,0.35843180925272056,0.31491217212736994,0.4617846545807886,0.402287513465189,0.6337211506358272,0.3861047049091249,0.2169633405940062,1,3
SAM000425_tp1,0.4701026029289933,2.6958196061352457,0.9665655340458705,0.8189798901822353,0.29226199934741665,0.4816449589007272,0.3492720959375065,0.5331269002384037,0.42616046212186126,0.664697463973686,0.4328093916336135,0.27042778243998705,1,3
SAM000410_tp2,0.258357541496546,1.7272904019517896,0.8524304504212837,0.7048855205792521,0.26888194435097723,0.34686075172582514,0.2456934075633643,0.44145193077878164,0.4081937599739394,0.6173761635134136,0.3868326676015318,0.19611321498268552,1,3
SAM000526_tp2,0.2869974343259337,1.6401909424260095,0.8928160893893038,0.7324787654860546,0.2783344014489008,0.34268874173943153,0.291145156117785,0.4618028013500636,0.4173621809574077,0.6161110422095152,0.3737795493263041,0.18382877760826064,0,3
SAM000448_tp2,0.3175451104463758,2.0102830226536885,1.0294559217150843,0.7644688904212091,0.3111804173588462,0.4103907555397418,0.33516576100435425,0.479839055397065,0.4097456299330107,0.6172705471703887,0.46571155750930143,0.23435589124344935,1,3
SAM000501_tp1,0.25808547044191316,1.8763156767981675,1.0054400423765586,0.6979931891692481,0.29652586525025454,0.30917104508285087,0.24074071343127929,0.44458472155164375,0.39560367900954224,0.5943560534801775,0.3579347548932438,0.19853813804811385,0,4
SAM000301_tp1,0.3866564237909354,2.4168403436419874,1.0588103974731442,0.8037070452305605,0.3201785773536708,0.4574328051274407,0.3501713030915864,0.5565415527773424,0.43289237745487275,0.6312390604817173,0.4450866791436421,0.23335414140428942,1,4
SAM000378_tp2,0.20695160866027484,1.529298965274888,0.747397290447983,0.7119950341056608,0.28262538093692285,0.3088075216076914,0.22909216323989107,0.3885947803290215,0.39912510823610975,0.5928541236001378,0.3257329022731627,0.17010522425340693,0,4
SAM000354_tp2,0.33533494215645265,1.910125858415619,0.647332793839162,0.6642694973477972,0.266058369863421,0.3512373976428415,0.2933225243296987,0.43394009629312563,0.415293629950967,0.6296895042499784,0.370695725556523,0.21913333868209162,1,4
SAM000305_tp2,0.528230771577343,2.8629442952422908,1.2686244555736956,0.7533168046358049,0.3368173680209436,0.5533848475316367,0.44085285021076837,0.645288889674382,0.45845770515209544,0.6584019873484719,0.5300575190907204,0.25656815141835804,1,4
SAM000371_tp1,0.24572301494299212,1.5863140995866407,0.9049093016228382,0.7654762941252077,0.3026024721943503,0.30254060344008293,0.2918855690503215,0.43406686411816225,0.4048767313747763,0.6180734924477317,0.35839754546192515,0.18299030244984493,0,4
SAM000312_tp2,0.16481434750908275,1.2900191637267309,0.7384223796917343,0.6806250061715049,0.2792205571148716,0.28404590977709104,0.21318002561580823,0.3781795975787751,0.4048597640305506,0.5916095673012977,0.3328022121331985,0.17347830301547817,0,4
SAM000258_tp1,0.35971421114974583,2.21534187537151,1.0662002923691805,0.780254682638342,0.3048320351841032,0.40771271644436197,0.32963768629000006,0.5233419616232738,0.4387742864989861,0.6361521292461757,0.42565406742845463,0.19385555963159426,1,4
SAM000293_tp3,0.3139802229652402,1.9813892845135785,0.9506709731050402,0.7145771415919584,0.2762539549412275,0.3507691107053965,0.31100671788307327,0.4896214480990584,0.4100281061892431,0.6492170406542404,0.3837080698918409,0.21422299500535746,1,4
SAM000397_tp2,0.35201319561077576,2.0256210828901824,0.8008504412786794,0.75433244254019,0.28489700839185167,0.3340360865160343,0.2987553050473997,0.4935128859494709,0.41704660055537396,0.627318043518557,0.3693044158617216,0.21319446516193094,1,4
SAM000464_tp2,0.35003968575337013,2.0836053112696384,0.8570075789604645,0.7485693147999894,0.28892059912994406,0.41137345605208864,0.3252964157582268,0.4780355867170008,0.44859461778113896,0.6567996286047998,0.4187135555329158,0.2029671007077629,0,4
SAM000477_tp1,0.439264980396153,2.4230414776335745,0.9916472163558226,0.8154404700755855,0.2937439116958655,0.4409869258383943,0.38459321447224926,0.5792993077902302,0.44016354505792166,0.647306152370403,0.446317542483643,0.23167750183627922,1,4
SAM000337_tp2,0.3525025256195134,1.9309663561063442,0.9360936998809014,0.7330202047277588,0.3147382269622367,0.38591513085444057,0.346766215076722,0.4929929832063501,0.4526293585909743,0.6742865954830748,0.40797810457264716,0.21832772296651878,0,4
SAM000307_tp2,0.30217420206326473,2.0330163076223045,0.8766802064894038,0.7516668568771958,0.3023485683758434,0.3614566523023995,0.28869628938719777,0.46016833717603317,0.40467443216981375,0.6426029784815306,0.3553708667512167,0.20210989358721526,1,4
SAM000466_tp2,0.3667852284398021,2.055169577972383,0.9753062060707891,0.7176870850349024,0.28085358848677533,0.43796917491114135,0.35294484195679393,0.48656574418842397,0.44646883062394704,0.6202403077506436,0.3879355558522817,0.21721729589976058,1,4
SAM000387_tp1,0.39265164143538833,2.5493178588515417,1.0933824523951217,0.7789193047641321,0.30133875280663636,0.4055502515897165,0.33321747431502297,0.5442046163328066,0.41703197909103706,0.6613675718196822,0.4305626050433229,0.2415261064668773,1,4
SAM000314_tp2,0.3465570486815521,1.8089193596039908,0.7572231066490636,0.6975912324095985,0.2842746513500167,0.3745150755082868,0.3184636840715887,0.4569132093783958,0.41417571764194394,0.6083193796264017,0.3798157115664712,0.19739869240027288,1,4
SAM000440_tp2,0.22964510628846455,1.55741864559384,0.9276059101832188,0.6708482570635682,0.29627063392208636,0.28252837879796877,0.2389928186266087,0.3655202388126277,0.38410762436185064,0.6018972710442109,0.36848758219586086,0.21217652261555975,0,4
SAM000205_tp2,0.3708101423493936,2.074346658881574,0.853066224536703,0.7576165055717694,0.29691499480671085,0.40832772394488503,0.34550770640511425,0.5023544036905592,0.4165981005114325,0.6388185109724378,0.4446073446029075,0.208580956583672,0,4
SAM000241_tp2,0.41665229981818136,2.4471759912193813,1.0703135073017078,0.7167482971345872,0.3078691563870719,0.4282938201060413,0.3664585822728531,0.5357850025130937,0.4479549499041448,0.6383504915647884,0.4353579206154241,0.24758021103363745,1,4
SAM000284_tp1,0.28589423618841325,1.9690329356977885,0.8875018103644271,0.7936518467177248,0.30743939426613565,0.3583467950262234,0.2995392347846611,0.46145780346224924,0.4022101945503592,0.6395583793190301,0.3931886940667819,0.2076043434675641,1,4
SAM000434_tp2,0.3933398453841111,2.2220286577991515,0.9372629510934578,0.7333626420160912,0.2981216484877846,0.43228008300720416,0.3640982366327698,0.5411965131406257,0.46484535694779106,0.6361081403147795,0.4196458879086722,0.23645031548506676,1,4
SAM000307_tp1,0.3098516903840295,1.9350211810323252,0.7357546968415544,0.8140942830763285,0.2838908183667806,0.3659847201956605,0.2704793398560552,0.4501958909532119,0.41247090374776846,0.6176969612623324,0.3577384882458224,0.1943275279048203,1,4
SAM000412_tp1,0.3970107623573553,2.271951162185606,0.9651546547550697,0.7687199035697277,0.3119090025497736,0.42633559916131314,0.39632570819228213,0.5586052030666585,0.4580579711301177,0.6349284656474286,0.42084169127835885,0.21650942890101846,1,4
SAM000216_tp2,0.3532632983292354,2.240304282943014,0.9294853773465322,0.7374325791987161,0.302820792285229,0.40702542764741784,0.32677240422942544,0.5340040660475378,0.4342459045098398,0.623273178612833,0.4084438736140061,0.2017701563220105,1,4
SAM000323_tp1,0.3270510133342999,2.038392510000507,1.1190550216011146,0.736048206145206,0.31933345569559973,0.35947878271131795,0.30494213655873603,0.47244164405522554,0.39701140519737604,0.5893813619299307,0.39208859909909655,0.2127791195072431,0,4
SAM000470_tp1,0.21396387353006396,1.4400810778847835,0.8130126266840639,0.7709034516024517,0.27861195701118435,0.28193353762464585,0.2506629620269718,0.38715646331699205,0.41920470295557755,0.6124349160048799,0.33596340942236935,0.17201387296339182,1,4
SAM000251_tp3,0.30265847980706484,1.8416457175957972,1.0837955965075512,0.7028946298933175,0.29819097123280575,0.3276133864229901,0.3059444004675333,0.431043278089067,0.4169307131811709,0.623606201828803,0.3645733880099734,0.21912026718567507,1,4
SAM000353_tp2,0.22089982666077762,1.490047853300804,0.7786600399496733,0.7366020673582604,0.2757342292754838,0.2844156816654151,0.23701546701481907,0.3939383279194207,0.4380502546404357,0.6064337156978011,0.33203785168052447,0.16890812898717886,0,4
SAM000484_tp1,0.3440811431752174,2.2048147382861463,0.9812179069809798,0.7519913768256963,0.2951115121804313,0.3727655903693216,0.31355673730556366,0.5185339836237389,0.4157337245882928,0.6334685579169562,0.41444254188379426,0.21472378578854492,1,4
SAM000249_tp1,0.29538328875383657,1.9493968747458381,0.7925001735815518,0.7923226674383457,0.28800022743809045,0.3454893304498994,0.2897944416918669,0.4461364234445498,0.4007815296930291,0.6188739096406933,0.3768904066984255,0.19877945156250146,0,4
SAM000245_tp2,0.4428630152153476,2.427881499032696,1.029933432502824,0.7164260452269737,0.31247142182660503,0.4546649079178446,0.40025716312331033,0.5732244570900299,0.43812073802722745,0.65125027677813,0.4274557132098424,0.24038404837956104,1,4
SAM000260_tp3,0.24980340018521793,1.6989212752678648,0.9105324005588504,0.7245965736704824,0.29476486071288116,0.3143333498700225,0.27158891000396307,0.4475519960544997,0.40983777206450256,0.6403437349575327,0.3491614684229258,0.19864129061530553,1,4
SAM000364_tp2,0.5125968770118904,3.0151840520617914,1.2177351657494089,0.7849630330579608,0.3366465802509257,0.5021100483823934,0.4428330265927224,0.6567416514951345,0.45075366380506104,0.6671565618512467,0.5141364930468755,0.2739499609643976,1,4
SAM000283_tp3,0.30326590773050016,2.0393839652384083,0.9391095414094304,0.6828448448751616,0.2989441195658989,0.3372845420934455,0.2684475210566949,0.45958463495200186,0.39711673708756967,0.6227021317573626,0.36740859703537176,0.18452889423921348,1,4
SAM000320_tp2,0.30150407945507374,2.0338341538531215,0.9340813228377496,0.7484978029712918,0.29823681912210215,0.3500030812593405,0.28120008543624986,0.4722408959925609,0.4115314657881235,0.6436699120877032,0.3738518467825925,0.21212153182760082,0,4
SAM000332_tp3,0.28697813718623694,1.7967970292561544,0.9897560811789227,0.7157816936091037,0.3074059913712347,0.332311766297465,0.29812112272528885,0.46074614032226463,0.41418204887961196,0.5888685703854911,0.3811600940870345,0.2056410007883731,0,4
SAM000466_tp1,0.37873485451493744,2.121223762925374,0.6575735393936882,0.7695172537010767,0.26659199771784053,0.3690705342349331,0.3269037172488467,0.5124056341622986,0.4047122154439041,0.6032694744736702,0.3888085309801967,0.17628217664579166,1,5
SAM000434_tp1,0.3497774375508113,1.8874093526979965,0.7671159401764325,0.7679101436724391,0.2862086622677739,0.38390305362453986,0.35507398686554487,0.49557927862007356,0.4373513975391309,0.5982820560214714,0.41348760919919436,0.22528285623488387,1,5
SAM000356_tp2,0.41562081697964337,2.370797995169457,0.9588805399543238,0.7794326115931185,0.29607607024447247,0.4218959995835702,0.35284693077652635,0.5274310506817268,0.4405564802058046,0.6347109371157063,0.3897553451533395,0.22788002212017416,1,5
SAM000408_tp1,0.4286868786479666,2.3449590365047177,1.0413331875361758,0.7577678288152753,0.29812111848345196,0.44775848982067523,0.37450024048596975,0.5417816121974289,0.4317512911527377,0.64179612244519,0.41311425350195796,0.2265576943314912,1,5
SAM000217_tp3,0.2494671699261785,1.826884169752279,0.8910453361941292,0.7430374085200389,0.2728115982098747,0.3537929130626547,0.24564184221142107,0.4303604298576856,0.39508310865852847,0.6357996280804695,0.3286154497693257,0.16860578846252988,0,5
SAM000204_tp1,0.2743390802247393,1.942790400475517,1.0778002263732587,0.7628084155314754,0.30720956942552813,0.37235221647815386,0.3252538682178433,0.4861939630966863,0.4055954356499724,0.619198610058968,0.4007064220983919,0.21695816976925797,0,5
SAM000250_tp3,0.38280812562278227,2.3052045208736156,1.1417801210456107,0.6533518829740339,0.3344442809169296,0.4000937489362665,0.3789569825581344,0.5622996862477432,0.4159012187647326,0.6115872457097628,0.452121464871967,0.246393693043235,1,5
SAM000250_tp1,0.37379404051579534,2.303131859695018,1.134490600452447,0.6905941569757842,0.3058269094487591,0.39469394156310783,0.34363835664758,0.518681181551456,0.41518392083530586,0.6101039296122489,0.41049360385023625,0.2226285755602132,1,5
SAM000306_tp2,0.2105264992134071,1.5305976668663277,0.7747404985459062,0.7501826106472749,0.28244521515215987,0.2767926588650244,0.21972183077756036,0.38929617442922576,0.3918527745928522,0.6169081329978838,0.33544348038900546,0.17517168274519826,1,5
SAM000481_tp1,0.3363490551331709,2.0447579042591686,1.1160203346257391,0.7655751998463238,0.319691704315276,0.39006732618641515,0.33501733910454545,0.5295104970057802,0.4139256094880816,0.6366679651812963,0.4278540635780861,0.2031991551091242,1,5
SAM000373_tp1,0.31354704908166003,2.278078966188099,1.1172439909619936,0.7442554188419505,0.32303393466839025,0.38285179354215837,0.3124629296114215,0.5120435525941801,0.4063233658767899,0.6283059981849443,0.42548141435617964,0.22068423519604274,0,5
SAM000357_tp1,0.2604417980179188,1.6954347036889337,0.9297374256278705,0.7762803498602053,0.30448702563267394,0.3430947021974117,0.26142060399472167,0.4213186296216113,0.39771925740467934,0.6042700052499421,0.3621308095909538,0.1811251940760019,0,5
SAM000417_tp2,0.290886709038033,1.8708061915085,0.8378472295425645,0.677877178401766,0.2651423424724557,0.32188828761995175,0.25993600857970556,0.4618257337041505,0.4007552542075667,0.6209347528929006,0.38407432366215516,0.1774861289900681,0,5
SAM000406_tp1,0.41144471759578394,2.173016125414739,0.929026814860765,0.7543108888796765,0.2937397306248102,0.4194845675408631,0.34576854018240755,0.5217050727836852,0.4388711133668623,0.6179712480982807,0.4272297998962452,0.21798149748900106,1,5
SAM000248_tp1,0.29955584865872087,1.6779105642133785,0.715941262729206,0.7464589383602473,0.26988323287187915,0.3153014054442655,0.266493910637894,0.436523714670221,0.4224240903860663,0.6174849562010098,0.35882973755813097,0.18102487803508546,0,5
SAM000393_tp2,0.35880058411631305,2.0154862064868144,0.970464351744143,0.7011121632803519,0.3115877930235124,0.4096854361061088,0.3731099107595608,0.48380664844871424,0.43892785396461903,0.5975398027026816,0.4277287219487879,0.23120696186886214,1,5
SAM000331_tp1,0.2953669705010626,2.061346319124919,0.9715933798753186,0.7515173404757379,0.2962504500310094,0.34445130518988054,0.2873450759159602,0.47590828009518177,0.39773407070569516,0.6182475753029454,0.3995988228624297,0.216739134758128,0,5
SAM000384_tp1,0.27126974738841403,1.876056851593333,1.0091460034089956,0.7852140067811328,0.306514348611226,0.3627279365988072,0.2853375136136112,0.4757341138161937,0.4021157008043653,0.5965347341473184,0.36577964466490154,0.19508402526260388,0,5
SAM000335_tp1,0.46235629873061534,2.6703161407131057,0.9849504186637301,0.7713345436133765,0.3088414337145871,0.47607907562481366,0.39724451278544515,0.6086318728824047,0.45128194194214016,0.6188783120200665,0.47233175675375066,0.26902786242039006,1,5
SAM000265_tp1,0.4507352199163087,2.785337892597387,1.038321027938796,0.8095507710272237,0.2966825337267139,0.4748194817301149,0.4223365441438692,0.6034453844560757,0.41009207727652813,0.6343643853292943,0.4418522757094977,0.23980032175505556,1,5
SAM000208_tp1,0.431317165262922,2.342453468454895,1.0686532405612983,0.7895948399339646,0.29614593448249776,0.4714485478798075,0.3428288196760348,0.5659496165950599,0.42734727970250824,0.6295790267105359,0.4389479937411476,0.24779771777347154,1,5
SAM000220_tp3,0.30918809401446956,1.9187594863920991,1.0205770002094794,0.740254194413032,0.30456436263546793,0.3617452669241935,0.31480500175444204,0.46567907607618125,0.42174317342625756,0.6397094284395713,0.3746047892278552,0.21832201193713238,0,5
SAM000491_tp2,0.21233431154131036,1.6300050317735955,0.8882762202118569,0.6674078891710258,0.2773110142834914,0.2794751861303817,0.2218842639428381,0.3802620204239954,0.37742332399253187,0.624065966286331,0.3299563655937118,0.18005317203477486,0,5
SAM000345_tp1,0.3579478256222699,2.0613031518479836,0.8692864772841153,0.796255922475904,0.2902061657839459,0.3889367225816164,0.3497391598646692,0.5191614690392412,0.4336655615779285,0.6368919329707067,0.39979617832679926,0.2304387608154501,1,5
SAM000326_tp2,0.2941616060638699,1.4181996558167613,0.8928303570188391,0.7141819669817078,0.27505859143093503,0.30619862276954257,0.2684719928392061,0.3999523386722529,0.42853669960663604,0.6134001120350849,0.3478108454052975,0.21164495343043005,0,5
SAM000304_tp1,0.4372656859583905,2.2888821237495685,0.9499120347454882,0.7775394583330075,0.29407036034118567,0.4334474012822186,0.30613175929873054,0.5266550721697443,0.42447497500888026,0.6711515742534426,0.40584629384687626,0.24306842240310708,1,5
SAM000295_tp1,0.3600804355518576,2.1136557843343122,0.9166451848018096,0.784987996534483,0.30038994213126696,0.3938968539739385,0.32687179231440683,0.5347969461827967,0.42298143112291087,0.6340012547860185,0.39873736068596194,0.20793076473898092,1,5
SAM000405_tp2,0.4947745177985132,2.660757033317752,1.1117754805779576,0.7794807990450238,0.32559704853745797,0.5145660683380074,0.4617378232461656,0.6205432974290469,0.4481096270077053,0.6565987129774594,0.49911815310293867,0.23806259157383633,1,5
SAM000222_tp2,0.34379179182286346,2.2330298713595,1.0092742302261921,0.7644524596667123,0.2953339141411604,0.43002471895887884,0.30303074236340544,0.5018783083810411,0.4146422995615169,0.646331226372329,0.3775681723379655,0.21147649651119288,1,5
SAM000351_tp1,0.2931561278727591,2.106725000351638,0.9840823127393326,0.781908136832083,0.30515604441204447,0.38200047980592344,0.3089496070101109,0.506267236901005,0.4041888521459156,0.6270963520174435,0.411659277741208,0.21367522667960903,1,5
SAM000352_tp2,0.40213784020389204,2.390006185508328,0.9737719316319686,0.7271487091350741,0.3076217355839029,0.4443986362357446,0.3340861006547592,0.556706771132509,0.42067436200989583,0.6206616110189972,0.4090082403807456,0.2349300132947036,1,5
SAM000405_tp1,0.43658165417830025,2.34005988480699,0.9792649491481469,0.792387354447788,0.3001476392115705,0.46330371150098726,0.39723252905125833,0.5835542973099158,0.45535185720347804,0.6526334545573114,0.4323634348682923,0.21370456661426965,1,5
SAM000539_tp1,0.4281359675995975,2.097442724062976,0.9757424159877428,0.7342614992232835,0.2997518199386968,0.4270835824531274,0.3755252894611412,0.5304012063133793,0.4528056950056128,0.6231933214271811,0.4241429998994997,0.23813742937673127,0,5
SAM000424_tp1,0.2976700928142007,1.99658166053162,0.8627968797268987,0.7301304867189193,0.2799079996854205,0.33220004807825426,0.28046487995145614,0.47724046497526446,0.37660242453348736,0.5910061994111947,0.38645635022752467,0.1947446516251219,1,5
SAM000302_tp1,0.3609345183664792,2.195808203606503,0.7910909184482342,0.7810481987156017,0.26223647581324494,0.36799785005876673,0.3208137527801091,0.5105037564534808,0.41709940193165884,0.6221426571835528,0.3883084144571924,0.2043712839456257,1,5
SAM000283_tp1,0.38036975127163974,2.442671559901775,1.0563986488205568,0.7771681237851114,0.29895716243367015,0.43123991761032976,0.2878386066316531,0.551577438751666,0.4199687226515208,0.6247017316866471,0.4012886387770351,0.21449642002198493,1,5
SAM000515_tp2,0.31265445554447263,1.9944619443013678,0.9451203936426653,0.7734472971833796,0.29035877932618537,0.3887734023072709,0.3330405372499113,0.5000056788372874,0.40088550256424793,0.6379596976878521,0.4150849718604799,0.22392118823196835,0,5
SAM000538_tp1,0.2590816891542012,1.8967900029471558,0.9536788169257939,0.6591463618984306,0.2963444978062784,0.2941388733946023,0.25485051978371925,0.41891160004745187,0.381624180046158,0.6210975619777162,0.3554134182231589,0.20134564967626686,0,6
SAM000401_tp1,0.2831333382677235,2.059045179841633,1.0459075292483857,0.8019486058933682,0.31789249419593973,0.3707387292798512,0.273203008736034,0.49079247693897216,0.3924083468824596,0.6068263622506341,0.3804799768418766,0.21267257539043954,1,6
SAM000220_tp2,0.32546647175942534,1.9665257404008185,0.9911811468057308,0.6986719085607569,0.2869276073307743,0.36300126758274265,0.2998063441540831,0.5025337644389656,0.4257981265913924,0.6357864830327511,0.3706858387283023,0.2016195067498072,0,6
SAM000201_tp4,0.34055546517223645,2.157475742295125,1.0662487011328965,0.7274746472068273,0.32055564690732985,0.40715212421957214,0.28555054851012374,0.46047800307752595,0.42134118821299343,0.6354558231061348,0.3955292782741819,0.21702458306486874,1,6
SAM000314_tp1,0.43642485635239114,2.051103753029115,0.863609889395832,0.8076944391339742,0.292650095979066,0.4312340930164573,0.39131649902796783,0.5722791758634798,0.48089141441534416,0.6420738809667614,0.4590278794529366,0.24807049204428216,1,6
SAM000476_tp1,0.3794252695204947,2.1680570039464095,1.0333989389198954,0.7647177123244595,0.3191095530136384,0.39669486217087985,0.36280544681811455,0.5382705765979303,0.41602229556725784,0.6474057890436079,0.42002992583308996,0.22153827201763893,1,6
SAM000233_tp2,0.25008430632718115,1.6928383397612674,1.0268289587473602,0.72214230786115,0.3087324752779658,0.3230856175587937,0.26456978595623143,0.4150871317885994,0.40043617048051383,0.6028519370367672,0.3352564585093131,0.21695109027825166,0,6
SAM000290_tp2,0.3316583646291473,2.2374550808133433,1.0160275065029267,0.6984520159725036,0.30932743366421744,0.3479650681311558,0.3518628864493578,0.5199727055108366,0.39993200111442334,0.6297284686180018,0.4467737436174003,0.23758413653185884,1,6
SAM000305_tp1,0.5357071755047625,2.8737303962679706,1.0464430780115639,0.8455430428908212,0.3228285369924883,0.5513036506262768,0.42642120241182646,0.661833892010457,0.45101887841003296,0.6421629107411446,0.5191147944550237,0.2501192847761653,1,6
SAM000276_tp2,0.25228005042769774,1.781781003498382,0.8547480855891504,0.6908561332583798,0.26453546685186635,0.306393696854317,0.25844399265978274,0.4093354819487482,0.40356028575611747,0.6211181385580135,0.3438126627297548,0.19898605391840388,1,6
SAM000400_tp2,0.4664519636553612,2.5164106158184456,1.0861103459598456,0.675123090865227,0.3340039665326076,0.45282884376362176,0.3779008169965582,0.580340756930939,0.4173639939017518,0.6392612177830818,0.4582418619070227,0.2415185485822993,1,6
SAM000318_tp1,0.33157200521185537,2.032510585685527,0.9612256745445849,0.7927347888992101,0.3094579861495735,0.3859964975601749,0.2927694654989466,0.4914342582527608,0.41093445604322454,0.6151462546192302,0.35264959980965815,0.208584035479257,1,6
SAM000417_tp1,0.34916176893014034,2.114621364973681,0.9116509145276275,0.7825930672710615,0.2700560186579947,0.38694580329288497,0.2883256634306149,0.5123577390438986,0.4079444192123301,0.6323180582641116,0.4204257130046687,0.2295359816625636,0,6
SAM000523_tp1,0.3425228935046621,2.0226851665112267,0.9587064972975647,0.7410331787916725,0.2964627346018291,0.3927368490408771,0.3241328441540623,0.47879909424724554,0.4191026470433873,0.6566354850867155,0.42325961693937036,0.2620066490151322,0,6
SAM000354_tp1,0.3831621037183336,2.089821747719939,0.774239393871513,0.7501431646836005,0.2816386650551608,0.3568368858998594,0.3110736131442431,0.47172565333107,0.42460329476437025,0.6202026988859203,0.41797988931015434,0.22746691381599318,1,6
SAM000268_tp1,0.3807275626154476,2.3887371858898523,0.9042204469775116,0.7649204345182988,0.3039114003866241,0.3701615628865357,0.35237608777224017,0.5088858626607682,0.4276506237409125,0.6206869219021748,0.4333058085609972,0.21393907526919825,1,6
SAM000201_tp3,0.2505567357596347,1.6365303552350385,0.9122363600392598,0.7333785971077269,0.2937605049649558,0.3031846079336813,0.24252102122968122,0.41836045228144547,0.42000189638988933,0.6354891643275344,0.34829020202589056,0.2027397775105614,1,6
SAM000372_tp1,0.32665637595879354,2.3334974071385832,1.0373798633123892,0.7449268459853742,0.2972780766611066,0.35637456689464253,0.2911571742928682,0.517487428972171,0.3848841739893822,0.6209204232981596,0.39826310689327016,0.19277038251236814,1,6
SAM000360_tp1,0.3335438019554822,2.176327484330574,0.9580764161493334,0.7637743204992473,0.29597240154259585,0.40270923646810153,0.29490177847861954,0.47947277485057915,0.4055049337702623,0.6411529879553313,0.36231808571024327,0.20910666428097804,1,6
SAM000349_tp2,0.39307012103936345,2.0858770271642837,0.9546746047441294,0.7517980648146344,0.29805688209303566,0.4190473500612453,0.3672033294670652,0.5346741706150105,0.4493589069522742,0.6406141028177896,0.42924265538024364,0.2384978554979865,1,6
SAM000430_tp1,0.21641989018153854,1.6975403953550594,0.9099523929400983,0.7759212252351034,0.29574370851929394,0.33459276061008986,0.23186786683489935,0.44704938138289646,0.4011810063162109,0.6019482768849221,0.34816743570574543,0.19112550642298096,0,6
SAM000330_tp2,0.42911187934917017,2.4386947757310433,1.047004294758554,0.7716591740657671,0.323122917555626,0.439317177596189,0.3903131811460598,0.5852694523339791,0.4347608769355949,0.6507855573610403,0.42250474183923026,0.23916833313420124,1,6
SAM000462_tp2,0.2749672863534873,1.9105455866234302,0.9795422845666633,0.6096394101742905,0.28761991226714684,0.3079708205400216,0.24831900630398596,0.4339562224775175,0.36736944500096236,0.6192143980579504,0.3591271163524865,0.17391933924363343,1,6
SAM000248_tp3,0.34019177868202527,1.9434887246729182,0.9447706007670722,0.7060788649815253,0.2827554185505401,0.34439793749136177,0.31491148158267557,0.4598079603404841,0.46655855768922544,0.6585250165555289,0.3766142116317566,0.21101117878883235,0,6
SAM000319_tp1,0.356362222471273,2.0767999017090775,0.8157819277680375,0.817196628082709,0.2850877130072444,0.38629131877510015,0.3664859885976195,0.5184426005997718,0.44477737486515845,0.6091181608047057,0.3827204207962531,0.2137894742050049,1,6
SAM000471_tp1,0.3475935036486248,1.9032323409365786,0.9547497535235552,0.7588478972304544,0.2957372895775045,0.37610900745532505,0.3133360917874936,0.47668342629843,0.42910472971399555,0.6262889771819049,0.37980291841442926,0.20981731407519388,1,6
SAM000361_tp1,0.29556827945053,2.1804858442424297,0.9698510273191002,0.7603477068027082,0.31136279766755487,0.38158309599956786,0.26831543232416405,0.4787245419808093,0.39503533793511747,0.617688328885449,0.38236132852965793,0.20569872147087637,0,6
SAM000303_tp1,0.3291030820190091,2.0560499584921383,0.8635579726008865,0.7772535972612903,0.2771928899691998,0.3585917594016507,0.30537217516014753,0.48605431832074864,0.4349993253269238,0.6299345241623662,0.36320112446369746,0.19043583054789578,0,6
SAM000495_tp1,0.31461708677496075,1.8853861708458348,0.8632549209554111,0.7324214992613921,0.29499454171109013,0.3778511458963561,0.32777857675842115,0.47077501579250225,0.4322593197511227,0.6114034443921945,0.3916775136582348,0.235904174556861,0,6
SAM000330_tp1,0.3437313500532945,2.316146965572326,1.0004665465143352,0.8375552288404385,0.30857664529529666,0.39742333499603816,0.33334913138543193,0.5215950168220227,0.40943574008577743,0.6417513929613365,0.4152149638359042,0.22696732173581996,1,6
SAM000347_tp1,0.2741890076265767,1.786424785196627,0.8290828710983091,0.7585229676917475,0.26816995460079845,0.33511601637131716,0.2746669190589311,0.42311267640172295,0.4143776634573469,0.6177798010279096,0.3286924394216056,0.1840739713843555,0,6
SAM000380_tp1,0.2693511378522402,1.5289883779634041,0.7900840506849991,0.7846810214889182,0.2803033833221187,0.2929969431301206,0.24870647028267698,0.4084440012311263,0.41878562462423424,0.6266017815625048,0.3532343989606384,0.19481565818186766,1,6
SAM000375_tp1,0.3369065941145869,2.3467707763268346,0.9343381582446061,0.765154693553192,0.30311073845857406,0.37327908200413334,0.3192051922281072,0.5431403659008789,0.41742974698461566,0.610037790404839,0.4068209349880274,0.23399669938249926,0,6
SAM000240_tp3,0.2944922547511186,2.0465071106361594,0.9341153331868419,0.6908770364161151,0.2988642747917746,0.3497701013643811,0.26841903838859965,0.45450705855482887,0.40338543969625235,0.6229585186819807,0.39157174439206455,0.20212159188056258,1,6
SAM000439_tp1,0.2218854721212292,1.9015956565370964,0.9090081852808949,0.7720619142418211,0.28817650871612194,0.3018812922594361,0.2868563786778817,0.4504822894204036,0.3878788070550989,0.6180540757298271,0.36295377207411805,0.18710240796726688,0,6
SAM000226_tp2,0.5440043130777815,3.089127555052108,1.0529429100173617,0.7627779027714148,0.30618981773061626,0.5424077023251916,0.4385357765040611,0.6658013981027495,0.45581788044302385,0.6330214609787806,0.5158271946894954,0.26788885724145467,1,6
SAM000243_tp2,0.3499521494600446,2.0095510794076135,0.9544290031501074,0.7140506116176497,0.28723116352361905,0.3997333289948473,0.3212581385175773,0.48292720507313525,0.41379579246962633,0.6251531830977968,0.4051991958223909,0.21711453104964598,1,6
SAM000228_tp2,0.32984362663615074,1.765131841105889,0.9741138925393248,0.735260917657578,0.3135472620557558,0.3760510341532972,0.3445406388685068,0.4833234544221582,0.4237729215242119,0.6179276372078732,0.41529941158471667,0.21436926088429228,0,7
SAM000280_tp1,0.4138327478880576,2.1484361045011178,1.0459555695508422,0.759164311382717,0.3312366873539706,0.41412144958658287,0.3722814078198887,0.5373555565566233,0.4385545878009445,0.6288824502968242,0.422768371669675,0.22843350148574168,1,7
SAM000399_tp1,0.3649462895780972,2.370186850138909,0.9516989001468371,0.7844815908896264,0.2887747472708709,0.41134646739277786,0.30910243734708964,0.5021246471984047,0.41545004513885736,0.6449519279737208,0.3930165823279577,0.21967182161873275,1,7
SAM000527_tp1,0.23571139838042857,1.588654974549816,0.902050568431721,0.6840210677480648,0.28579547363573515,0.27310554173732,0.22108659751078347,0.39698996043554685,0.3893831849725744,0.6059756644940572,0.34913176614734837,0.19939104791028725,0,7
SAM000327_tp1,0.33046771565110006,2.1265099546103543,0.9353395638917322,0.7875161741892737,0.294713085308887,0.3561271639711658,0.2828068280032124,0.5008146257210562,0.4041275226795669,0.6454218575406813,0.37513764620819023,0.19514805603396435,1,7
SAM000273_tp3,0.42594774392725343,2.29983878963577,0.7161260713148727,0.7506162659920886,0.2969063741748773,0.4251084561182057,0.36458981025122644,0.5229587121075836,0.4194395698980962,0.5985804356487275,0.4220168627879917,0.23877492703820016,1,7
SAM000275_tp2,0.5071039517523299,2.7575555431951644,0.9979982849209554,0.8099553194077695,0.3211334348689281,0.5601894813791144,0.4655192060580378,0.6328504595547797,0.45132117569611796,0.615495526250714,0.4536720266090481,0.2555112938766928,1,7
SAM000282_tp1,0.33170631615723856,1.9278282226330383,0.9047636144481291,0.755284344252199,0.27501735000814387,0.30972313698246995,0.2912959377550492,0.43634885014375235,0.4216692754671642,0.6362055963484543,0.3559839102769489,0.21786859913301324,1,7
SAM000386_tp2,0.30539710444266227,2.1709786617376965,0.9723790989067086,0.7707775069026959,0.28821438361014484,0.35320708319347943,0.33049810172663335,0.4904414690572032,0.41149001234749755,0.6357776388605617,0.408225735983176,0.22274720685105712,1,7
SAM000336_tp1,0.3327274033836039,1.9279935934987988,1.0063773454865415,0.7755036421311293,0.2880956910501941,0.3902808197775665,0.29006950400747483,0.4834890625831479,0.4097505485173377,0.6287680188358464,0.38797557213019973,0.20375141694803986,0,7
SAM000404_tp1,0.21565521826810577,1.5305642146164247,1.0122055409108024,0.7775191949718925,0.2747534601297152,0.26751015113110166,0.1959699120258312,0.40850011973837963,0.39140313559007756,0.6130176082555884,0.33202949635309914,0.18498157967676238,1,7
SAM000311_tp1,0.44162693643188644,2.458865333632791,0.9952610698847123,0.7747447007581656,0.2940536488015011,0.4389238438714741,0.36818619169992545,0.5670914319559616,0.4397798420978026,0.6469108638724583,0.4040345191844777,0.24202465901504577,1,7
SAM000526_tp1,0.2566368273948699,1.5415305677538682,0.8241608140418889,0.6495492339429266,0.2659875674918868,0.2913667288887916,0.2705733157845455,0.44841856013078407,0.40290810186012094,0.6135191079650447,0.3690456250318192,0.17903714283710362,0,7
SAM000255_tp1,0.4849005692180488,2.2196341346056245,0.8708671750724152,0.7916554095406779,0.2885465038802472,0.475616087265509,0.4144846315802228,0.5464532722621859,0.4742765508079916,0.6334800584635599,0.4412039753528951,0.23727503023365348,1,7
SAM000403_tp1,0.39190246066876755,2.424715149690702,0.9715383620026415,0.8366130950454614,0.31031013168606303,0.43988253436798336,0.3236809608304623,0.5384632324574362,0.41456831069137073,0.6536804039901224,0.4037005766350662,0.23136978335779954,1,7
SAM000447_tp2,0.25004911894810666,1.4522520781465267,0.7736470902412682,0.6437379888492656,0.2804764442566668,0.3105481817552973,0.275408520379696,0.4103871757203146,0.40344309424436636,0.5984860326099876,0.3532366013437038,0.17754269851284726,0,7
SAM000530_tp1,0.32588517943963136,1.9368934392055226,0.9859300815818522,0.7205952736534088,0.3024558458271227,0.3463684047460586,0.32845709860420264,0.4860427033243301,0.4123942743870906,0.6128226237384892,0.38921481652468826,0.201708988210634,0,7
SAM000261_tp2,0.3637219749576265,2.2758945636080465,0.8819731071847285,0.7667606127233956,0.29094745539081207,0.3977868085187569,0.3073413798316295,0.509227485284006,0.4228727440159611,0.6305343129629343,0.3728794063401979,0.18850081805454483,1,7
SAM000311_tp2,0.37177238170605553,2.2700898100716222,0.9139962840167936,0.6711799447891004,0.28216952883728585,0.37951162499209423,0.307344932588461,0.510026269049778,0.431232470609938,0.6488085628595194,0.37849456230210565,0.21987235904949667,1,7
SAM000463_tp1,0.2881575024603039,1.6887617199998248,0.8191407499649422,0.7738100090115707,0.30311506620573814,0.32929350614744535,0.2863153736372592,0.45096815665349177,0.409019913194972,0.6234453173780554,0.3486597087652003,0.20240003286245017,1,7
SAM000313_tp1,0.3235883249995322,1.9371689686553248,0.9659698055001789,0.7604700471894356,0.29371886723585766,0.35931529363824155,0.27206640536622884,0.46994253174363954,0.40582467584338616,0.6190690340357372,0.3686216056054359,0.19660171642735505,1,7
SAM000240_tp2,0.30716932850615236,1.9915777046853538,0.9011997342604435,0.694443233337196,0.30247512979814817,0.3707593312529792,0.32647372709019373,0.4616005617827161,0.40080437638728383,0.6211444571172973,0.3890015440737413,0.2058270260051308,1,7
SAM000288_tp1,0.33042668283786986,1.6810384708373016,0.859403062023404,0.7395739715139764,0.30282340864296353,0.35818964129938374,0.3068868648644896,0.45661658878559785,0.44503051002656446,0.6176198829587706,0.3849859360036579,0.22645648436609028,1,7
SAM000498_tp2,0.4237501316274484,2.1050511310246685,1.0261879865499204,0.702687621987979,0.3121539995892557,0.42858052615569114,0.3925098846865044,0.5519053368364532,0.4319465944502588,0.6421566316645513,0.4547411593952004,0.2327372823913504,1,7
SAM000271_tp1,0.45734846205556273,2.1501742433029296,0.9357954681018755,0.8007802682090203,0.28582348469884933,0.42515151139444873,0.4454390193270441,0.5513462991109699,0.47065802439980947,0.644351532530322,0.41465478788151006,0.24603112260217863,1,7
SAM000368_tp2,0.23083326236447144,1.5825500376239325,0.8254525062181132,0.6729174218756562,0.28188313046231456,0.27877142967707835,0.2514615254086656,0.4099692078953023,0.400752247068645,0.5998573554767443,0.36338422703098705,0.18214096579308753,0,7
SAM000426_tp1,0.3190324874626369,1.9154399076026314,0.8602529822742426,0.7599554895757947,0.27965829019617117,0.3557631775383265,0.31449316900006363,0.48820131914028736,0.43935740893623026,0.626952216843438,0.39054075964769447,0.20906209898702677,0,7
SAM000329_tp1,0.26120013546547366,1.603816158087224,0.8741030113284137,0.7561819608966566,0.2858250432481428,0.29917773120981034,0.2717414199562969,0.41699396893185,0.4272352180291938,0.615577078436932,0.3531048801967731,0.18941237179791884,0,7
SAM000208_tp2,0.5122013387589592,2.8542486537158305,0.9903935799854257,0.7218056225620205,0.29330450796521174,0.5061423213239882,0.4066928173040234,0.577881034390602,0.45038744210692305,0.6563689500777731,0.4616979602439124,0.2745206188217641,1,7
SAM000353_tp1,0.2512314141486593,1.717399096012186,0.70244372963871,0.7719310878725529,0.2537843847759277,0.2889993254327624,0.2315084923840067,0.409321507215598,0.42277656076142345,0.6159096621531721,0.35524126139466183,0.1889561311190959,0,7
SAM000496_tp1,0.24070251302388,1.3124737010364094,0.918478293923782,0.7264659671735599,0.29279199955593965,0.2766914724186951,0.26972148206759583,0.39875243657274395,0.42179044761386436,0.6174678689996169,0.34355101748627137,0.1854032381781856,0,7
SAM000446_tp1,0.27401428454038557,1.6265031775805447,0.8712914985402539,0.7913874537253497,0.2708073648016934,0.3215992405295463,0.294620687182795,0.4302406265355259,0.4136681015822564,0.6382257965136418,0.3606489668240654,0.19954797485810327,0,7
SAM000359_tp1,0.36203677221167324,2.223261898437544,0.8702267253605094,0.7958286370191295,0.3085189363191143,0.39106268175813264,0.2864288117750227,0.5318028736192575,0.41714007914250517,0.6207723854821591,0.4085788730499305,0.2214620792818932,1,7
SAM000225_tp2,0.3653028969782938,2.1694090148271017,1.0645195471741506,0.7396629738075692,0.315389311999248,0.4125057185932971,0.36612837200145526,0.5106365102305319,0.4146664554856055,0.6252539941339584,0.40629005103346594,0.23853260285598993,0,7
SAM000210_tp3,0.4366643306263447,2.6975947970865604,1.0472459064112678,0.7421721522350715,0.3238990280819226,0.45694594360327295,0.3618001419948692,0.5681300516302654,0.447068701052855,0.6331536772685084,0.45687642879202656,0.2426986323827096,1,7
SAM000202_tp3,0.33425271052552674,2.1248572809905313,0.9560176324282272,0.710954907824301,0.30284207901357685,0.38812501216689255,0.3175422907103269,0.48704651397260645,0.4110389655152657,0.6266782225766879,0.4255891634501116,0.22393380931391038,1,7
SAM000524_tp1,0.25322216783348017,1.6288063241987234,0.913775317069801,0.6880674383753425,0.2875575951223487,0.3379131512359791,0.2696534017189094,0.4784601089945423,0.39589452446823026,0.6008921204462538,0.37143188524964466,0.18291610603873285,0,8
SAM000429_tp2,0.3612326659078662,1.9996498972478187,0.9945689937815859,0.7055848733435339,0.29587675676730407,0.35064226269895377,0.27424777859372407,0.5112485015863573,0.4109845252666564,0.6344742478425981,0.39274932757431025,0.20902746182412119,1,8
SAM000386_tp1,0.41745489951499487,2.2511953795283715,0.8170774800374594,0.7978653781974091,0.2721341636813907,0.38465095980703223,0.2889343337907022,0.5260869845630723,0.41344482482776435,0.6329249803016448,0.3878908805957868,0.218269794978401,1,8
SAM000433_tp1,0.34561690721599325,2.087345594433618,0.9270502680482532,0.7903796268330936,0.2922637967300313,0.3958995427955652,0.30484168057614214,0.5012995651292765,0.4396282898584786,0.6443129161920386,0.36588139942990844,0.20624721990997497,1,8
SAM000253_tp3,0.3952296756892381,2.217225552051707,0.981065330315507,0.6802574817420968,0.30104603987922934,0.4062784698463278,0.29896194601308124,0.5134563113477308,0.43392045359869835,0.5795774895804802,0.41328400516898983,0.2090687952120581,1,8
SAM000462_tp1,0.241764364919037,1.622945873044801,0.7662531493039298,0.7156033442850087,0.2644923238582848,0.3295477777181628,0.28701468681831516,0.40326330154781076,0.4048500887569492,0.6174918668818344,0.3546975741001137,0.19622423719385648,1,8
SAM000524_tp2,0.3771043696672616,2.086085099682019,1.0042850099883642,0.751311010807322,0.2948531925700825,0.4434203599168965,0.3304257619783584,0.5391154341109161,0.433725309026484,0.6216750848953996,0.39280465306228324,0.2281795454303315,0,8
SAM000393_tp1,0.447477482012821,2.462269194317011,0.9305700266738021,0.8051065320830818,0.2914520393882068,0.4545645526565831,0.394841192067135,0.5676812890947761,0.4471574377559639,0.634262686829535,0.4502407720597455,0.24138175030101078,1,8
SAM000247_tp2,0.33958455531646903,1.9238067157840089,0.9350039214057572,0.7693085720970434,0.2875049391612204,0.4106846673572458,0.3128486086283579,0.4849794818785862,0.42056753526918533,0.6531030311910786,0.42111211493736284,0.21955796215723258,0,8
SAM000325_tp1,0.33929005230232545,2.195897613100391,0.9910640238514686,0.7505602184028268,0.28680133625929033,0.39496768616245176,0.28592849479151944,0.48233518887355686,0.4137377057921519,0.6152852199037926,0.401184084126995,0.2049899155496061,0,8
SAM000394_tp1,0.4465175685662715,2.593229592222272,1.0919746265590426,0.814372971899467,0.3136847139532168,0.4550458511941842,0.35656260164874465,0.609519345462172,0.4330321756652608,0.6379478568010541,0.45873522504733893,0.24910814741769588,1,8
SAM000375_tp2,0.226636978260385,1.4424200941061434,0.774163518221989,0.6270148085545713,0.26637440611371976,0.27753602452637716,0.22639727099369725,0.3904882868668317,0.4062451743482029,0.6307834215902389,0.34379106838814283,0.19671328934576018,0,8
SAM000367_tp1,0.43305395514484923,2.5138685676988386,1.0626929575680415,0.7832501415325575,0.322737121290042,0.43728220538967305,0.3458114277679744,0.5610070309557138,0.41792831041756523,0.6422701153579957,0.4031987592330373,0.23732897977086842,0,8
SAM000286_tp2,0.37199721023958965,2.251621597843781,0.8214540997589934,0.7675610584617938,0.2772583446924892,0.38504148771869745,0.3194362197766905,0.4920620469329316,0.4480773555364051,0.6485731261622906,0.4130063574608933,0.21223944140475498,0,8
SAM000368_tp1,0.307969128847531,1.9934939955457123,0.9066832716201866,0.7928458070829001,0.2821860877628977,0.35318109124049696,0.2471646265404889,0.47804294108996054,0.388340213419488,0.6062045675573294,0.3903823388118668,0.19662459465924978,0,8
SAM000236_tp2,0.38832143939517977,2.375329095854065,0.8627250174485716,0.7202822818071769,0.2917263918642816,0.4284031026260811,0.3049104367546869,0.524890631700262,0.4126015535940445,0.6379629698861481,0.37710941048830116,0.22083606625102178,1,8
SAM000398_tp1,0.2789788310903972,1.7381654956193922,1.0263250750023547,0.7624184820146297,0.2953439332692369,0.3267379479003791,0.254295745827753,0.46402723626834985,0.40232389500683746,0.5994511917170514,0.36194117423152256,0.19169747629181452,1,8
SAM000329_tp2,0.15522602505383373,1.1399700999214517,0.7410892219539954,0.6715039995766139,0.25807594269737444,0.22904642313000587,0.21813719951054505,0.3348135922531125,0.3908640521837627,0.6078962519683907,0.3242662896531789,0.1731275488694288,0,8
SAM000247_tp3,0.41272010702229983,2.1315748307385673,0.8406540517760004,0.764793552691187,0.29162109382712453,0.4323238902249045,0.34817171976960004,0.530656788643056,0.44180530330314627,0.648675424313779,0.445800457550535,0.25305846318918923,0,8
SAM000348_tp2,0.3895205081070508,2.236448533267642,0.8590133378371166,0.8030225608673335,0.27806296522247387,0.4382617730393964,0.36546478988354614,0.5271690695681119,0.44783512585840646,0.6529395803578665,0.4364985075563602,0.22617724074615364,1,8
SAM000452_tp1,0.3892983188757802,2.0964152339778512,0.9398264880350701,0.7681709040178957,0.2877008812462162,0.3868246088970239,0.2945708337496308,0.48906826930346015,0.41783899064841284,0.641818650639451,0.37964935482783446,0.20794284281345593,1,8
SAM000277_tp1,0.32352430223343626,2.0216955386623767,0.8432076403260013,0.7622187594943862,0.27888627944549377,0.3463317889728226,0.27254104458685124,0.4648525468322632,0.415944620777166,0.6411491975328778,0.3794902514797113,0.2048861068353264,1,8
SAM000363_tp2,0.3723896881754704,2.3871296553272265,0.9855144528801175,0.7099817749741524,0.31226057082311554,0.38053637114495426,0.3330798095057837,0.5560066035343608,0.41491078568842016,0.6269649096100145,0.415840569852085,0.22975430542303255,1,8
SAM000291_tp1,0.26947546085841867,1.5277542871571759,0.806296948314748,0.7820291966532955,0.2613176369102194,0.28829814733672005,0.2764018704700007,0.4127192882697149,0.4097235249935581,0.6393894720188465,0.3415998686088749,0.1899376777602679,1,8
SAM000245_tp3,0.443355100537514,2.5442873875140357,0.989720313889721,0.8051119776447547,0.31363048630844637,0.4874140814798097,0.4023549893013952,0.6048183284218372,0.44702216063570516,0.657794368456674,0.4525967958599898,0.23428558721793688,1,8
SAM000283_tp2,0.37008401321589335,2.486545419361408,1.055430916088308,0.7253791852165832,0.32153885746936467,0.4311351308858438,0.3154386968945312,0.5507005903568643,0.4007375000093825,0.6208787300237435,0.41153079901378703,0.2279266221087103,1,8
SAM000308_tp2,0.2999399867093957,1.9114659699257883,0.9118516768016844,0.6916092252425572,0.2790239859296408,0.3211296771369867,0.26264171487575116,0.4646257058251718,0.39989703006068905,0.6330787715086518,0.3712496245769974,0.21388467021479168,1,8
SAM000538_tp2,0.33338706166191534,2.288985018434581,1.0492566721628882,0.6890417059389571,0.3249401967664328,0.38283812526206623,0.30988827280734266,0.5278390545500314,0.37450715621307545,0.6213500940083905,0.4197594965647038,0.21852778847160856,0,8
SAM000256_tp1,0.32287844568327484,2.1214223263387813,0.9712883585387365,0.8141016519170029,0.29593148555809884,0.36172419007304574,0.2986170278553612,0.4946137058591542,0.4030226745937488,0.6447257218884437,0.3585022787009301,0.20377752466301857,1,8
SAM000370_tp2,0.2142255181337958,1.4641917115835954,0.8293376857274464,0.6172876037015144,0.2813340248047053,0.3106352924042981,0.21669683598846096,0.3899694821058021,0.3883122405732732,0.5899030292308656,0.3335711645633887,0.16389057060256715,0,8
SAM000422_tp1,0.4152317345791229,2.0704065062592267,0.7806115288044739,0.8031702022773689,0.27577260888333904,0.38499825970089774,0.3580851382779819,0.5342662161920125,0.44665894651028815,0.6731776581364598,0.39246211197316955,0.23308058996375472,1,8
SAM000397_tp1,0.3376026438985344,2.130362200650751,0.8364349401345769,0.7958513418660469,0.27755751601352524,0.34674708194046416,0.286991844888908,0.503770194790442,0.40894455316051675,0.6091478510500093,0.3545484608241004,0.2021958942641751,1,8
SAM000269_tp1,0.4075750291212807,2.569269263413667,1.0309545326385685,0.7835361227780367,0.31527797156489185,0.4609370766610443,0.3464643515133398,0.5820787982602448,0.41471825651718186,0.6491616087135913,0.44987736135418493,0.22732129200373138,1,8
SAM000358_tp1,0.3947441001844264,2.3788733790727816,0.9820302956034113,0.7594255894901246,0.2937592316205363,0.4270506045646559,0.32189110531905774,0.5240507689139384,0.41150367044527664,0.6053135666966067,0.38595937051646084,0.2109427527616849,1,8
SAM000450_tp1,0.20179143621577214,1.4009308477958238,0.8139535824791576,0.7084654256292103,0.28977179612601633,0.2804465341515159,0.22511526978496982,0.3750072755682481,0.4224854881982857,0.6112093950548797,0.3286524239725639,0.1922331569562428,0,8
SAM000346_tp1,0.38814776596943645,2.2448029051968423,1.0192102618961707,0.8042685546493429,0.31065924358170866,0.373135157105468,0.30675831875651,0.5208018916931807,0.39872010437814254,0.6322301111391845,0.40842020475423346,0.2164577300114704,1,8
SAM000288_tp2,0.2964321245411174,1.8138050706602662,0.9047052294703802,0.7000666126532867,0.28194727293730515,0.33089254398651763,0.3052531347770007,0.45189504786177415,0.4307187913438815,0.6250284662970248,0.3761025739691524,0.18587403520143886,1,9
SAM000255_tp2,0.4559653778744128,2.422825643810191,1.004843382730753,0.7745185745615863,0.3177900253545434,0.4508318695862847,0.452727739519331,0.55866573141643,0.4622503216374584,0.6366764768146921,0.4513703401744429,0.24385209888397028,1,9
SAM000337_tp1,0.3832892325249795,2.0009100776019273,0.9925645623913907,0.7480951379192039,0.3061974286548353,0.40585255277498417,0.33461562183746624,0.5049599146918712,0.4587821996933135,0.6353990752768008,0.41845856715523977,0.2242369209922952,0,9
SAM000458_tp2,0.4807989599923738,2.7966571677144576,1.0656719695273693,0.7664032461813092,0.3322487952354194,0.4747147897027948,0.4812325433000816,0.6336391218316862,0.4525227399692143,0.6408803299603797,0.4965377312942627,0.2633122431939746,1,9
SAM000270_tp1,0.29386626994801496,1.9392378350162116,0.881903354723149,0.777131621306064,0.2937036181698409,0.33752208522458915,0.257234645786548,0.42836336136255476,0.39189089141313566,0.6302605089627745,0.3517708166404602,0.19813831814688604,1,9
SAM000212_tp2,0.32546105308991075,2.3119670461804325,0.9155966290437046,0.7393850694852624,0.2958373651901306,0.378907792006671,0.2897998542053423,0.5113968503006935,0.4012410075835436,0.6304065662647302,0.424775619849144,0.20956824936633595,1,9
SAM000407_tp1,0.42393002372395394,2.4733927295978457,1.0360430275320676,0.7984519564812387,0.32308971491273974,0.44341346916512314,0.3751918630471983,0.5712024256442657,0.4369229285962603,0.6287018642306613,0.44385765257803056,0.22931654092289006,1,9
SAM000379_tp2,0.24465258323285682,1.626424581755522,0.966911842000549,0.6726775415937657,0.2941633094348869,0.31597623823544774,0.264949235097699,0.4218578827974841,0.40726959266605567,0.6229459716651428,0.3542459652462929,0.19372146976921456,0,9
SAM000316_tp1,0.48700796266330415,2.788372587326092,1.0074154918198968,0.8139538013736967,0.3161594923109827,0.5095043940565488,0.4223913827016379,0.6311383181986772,0.4467320776896424,0.6414860434191574,0.48638673970404,0.24032630488694298,1,9
SAM000276_tp3,0.2744342824397461,1.8441165103037813,0.9251078913826596,0.6908756740904194,0.2907229693940324,0.334915900133742,0.27415035827189577,0.45208518002164444,0.39001329743628277,0.619490415658782,0.38377824525005516,0.22161736408791796,1,9
SAM000416_tp1,0.25941931505269417,1.8617331428789152,0.955659504545293,0.7768975542152754,0.3017560778436172,0.353643670715173,0.25014781110609935,0.45801389610287374,0.3943984409733723,0.6299269561435679,0.3876376683901669,0.1974370413812769,0,9
SAM000287_tp2,0.2998039908397565,2.1003005276907643,1.0161829384342027,0.7425590994858818,0.3064687110371549,0.384721686511636,0.29339987043767385,0.4880127128888716,0.382870529506511,0.6470318836390548,0.3971727482504644,0.20068292842234903,1,9
SAM000209_tp3,0.3795410257173315,2.147998923564557,0.9115079424835314,0.7325132093406388,0.29591599944054825,0.37782519466239733,0.3667962308903352,0.5272488899374469,0.43449699551445176,0.6291326386758983,0.4153696969407363,0.23148874272410727,0,9
SAM000385_tp2,0.4014194278480599,2.299630904008126,0.9536042901518873,0.7674322274453158,0.30272308487386845,0.43469750726551043,0.36121761740722824,0.5368476665489115,0.43231725296627393,0.6308733631965294,0.4598080815517927,0.24280163196374424,1,9
SAM000272_tp1,0.5008267313272292,2.7197394910412482,1.1071426261032564,0.803382234717891,0.31753178545316174,0.540016047272896,0.41447970854823657,0.5994540829548941,0.46829523847394505,0.6465425702441593,0.4924799577646526,0.24323316897412706,1,9
SAM000275_tp1,0.41212679879441955,2.5369933903662263,0.9483897409497815,0.8304502715570596,0.3263820608048185,0.4906373052643401,0.3639092156518394,0.5473523763443686,0.4372786576127389,0.6468148258628343,0.45268875098261835,0.2400572083947702,1,9
SAM000223_tp2,0.40307598029172803,2.4950720938787576,1.00233984354316,0.7011729965692909,0.3301437942721511,0.4288465986808183,0.3709936404849109,0.5399667283701669,0.42299550296926713,0.6327549573859403,0.41932925708110297,0.23395392078188335,1,9
SAM000216_tp3,0.4436348412664019,2.480532181722277,1.1589848897650088,0.7553045093786348,0.3209566359620421,0.48550642089554713,0.39412580178463463,0.5750104703435459,0.45282451614610736,0.6218773636166162,0.4906606156085242,0.23538020895947093,1,9
SAM000500_tp1,0.40256158159438504,2.5631945454044067,1.116829275621665,0.7581864886907193,0.33391024708917094,0.41723240643618603,0.3471689880936004,0.5710318379946082,0.4258040079965453,0.6402718067305421,0.4507678799449396,0.2242396603123476,1,9
SAM000270_tp3,0.3627975471077516,2.08287055308774,0.8069155349307304,0.6901279134411665,0.28483149362881105,0.4183366817368026,0.3064741394351046,0.49326030072676397,0.3998390092738754,0.607692397771402,0.38991285102629164,0.21084237955963747,1,9
SAM000202_tp2,0.3481308796903349,2.411667461328933,1.0266307901960412,0.7209095461842635,0.3315707417040387,0.39872720181222526,0.32778812838883103,0.551780073988702,0.40776937596093277,0.5890574956847479,0.45966543593199616,0.23554923569546454,1,9
SAM000411_tp2,0.5028942937916686,2.876478070440921,1.0069128618966892,0.7541818846395387,0.30683016459466866,0.5110071492065973,0.4826920337410914,0.5879644111287109,0.4426863678048176,0.633875524399085,0.4756785767618598,0.2633320502650383,1,9
SAM000321_tp1,0.21515861624027202,1.5462003145503678,0.8568476086152521,0.7917344141836997,0.2875218910815886,0.31385887679245666,0.23100615664903162,0.4164041025780101,0.382576342871275,0.6012094007998623,0.32751155562601875,0.19958393628589036,0,9
SAM000444_tp2,0.3231647979460016,2.0585687433831716,0.8688957392497262,0.7080786096698004,0.29160773174904864,0.34436996351778093,0.30551277531497123,0.4632469280055666,0.39783497823194325,0.6059509943936279,0.36748377243914004,0.21407420194794383,0,9
SAM000304_tp3,0.3919158039364277,2.3154694218733187,0.969932527354361,0.7664115265895347,0.3020132910789858,0.4092487381204756,0.3352133825346138,0.5094663557047432,0.42180635322230886,0.6581511246070935,0.41395592432524386,0.24993948037087726,1,9
SAM000286_tp3,0.33590863929746484,1.8393720951062873,0.8328062333591436,0.7363058119092352,0.2674499542355074,0.34961145317461406,0.3252643704769996,0.4267801495067035,0.43417186692560816,0.6420825667269505,0.38594275456852045,0.18718607125499048,0,9
SAM000378_tp1,0.24293788094059912,1.5760067660936827,0.8439020795853454,0.7929625758665688,0.28115156615499026,0.3144730050932745,0.28415337955208997,0.4178212594957466,0.38294067537056375,0.6005746842936633,0.3975755947857432,0.20467461309363658,0,9
SAM000212_tp3,0.3311330296031409,2.0709192917234223,0.861257020955034,0.7436634897289562,0.2855826261775107,0.38306453396702667,0.2896342713746789,0.5101420578346388,0.40977090446677694,0.64151270323176,0.38982731596960823,0.19913543808157816,1,9
SAM000211_tp2,0.2937814727700189,1.8353811374723867,0.9074326052264072,0.749219312558741,0.2951101645450794,0.34755530363797965,0.29124384781040197,0.4570493693562349,0.4285206805103154,0.6197368530770687,0.37404754808160723,0.18296596185275432,0,9
SAM000436_tp2,0.3376486095938318,1.9622106563499957,0.8856955231571569,0.72097531250636,0.2765398157474707,0.3681580687809921,0.3172522373234433,0.46501758770809604,0.41032569100163163,0.634174879395585,0.3607764277113692,0.1984165556062761,0,9
SAM000299_tp1,0.21519258752993406,1.5917423212464181,0.8105264729446529,0.7897256297566136,0.26738351469000954,0.26309889576067846,0.21161274519145745,0.36774873491778287,0.37396842650508205,0.6108494514306327,0.3228103391986461,0.17735241708299404,1,9
SAM000296_tp1,0.44732083817867163,2.5398904722493145,1.0228524518339766,0.8025105999080783,0.32555543269523823,0.48865856572265187,0.3795505156166275,0.5762930936381823,0.4529595045870677,0.6277781125882942,0.4512052815756074,0.2457124596792572,0,9
SAM000273_tp1,0.3971623197126188,2.2371909543338977,0.7810169905126582,0.8089975642168769,0.2938424241094249,0.38807671049727765,0.3511512398166736,0.50179275134188,0.4310285280743812,0.6324893726261768,0.437782105244976,0.21694117797055518,1,9
SAM000257_tp1,0.21839094930463218,1.4407955190673198,0.8596026225133683,0.7353607761988964,0.26881214655681634,0.2854393742333514,0.24312400966335235,0.38108968562321666,0.389899503236268,0.6389560741558161,0.3320559548168275,0.18136406069027228,0,9
SAM000352_tp1,0.39878269489831963,2.528736179375407,1.0302293126868527,0.808626000527358,0.29709630843144325,0.4523815678904197,0.36253590870529206,0.5733751396648092,0.42675739874348445,0.6589039609734164,0.4389920352048615,0.24138316310760238,1,9
SAM000315_tp2,0.43524298044316995,2.5952550203886475,1.0526001440445878,0.7768886673042208,0.32100663232631865,0.45649267466153787,0.39909081785079215,0.5850717342404597,0.44348065306797,0.6108980066011993,0.48225336106700567,0.23689684683055398,1,9
SAM000329_tp3,0.26248302136222046,1.524625424517605,0.8670968050089569,0.6695365770718472,0.29328418159614633,0.29844690699694676,0.2687247762093976,0.4135655090270341,0.41281667949191087,0.6064832144774097,0.3707866074976615,0.1686154747586609,0,10
SAM000356_tp1,0.3945667018295614,2.1112177763102746,0.8730527360910272,0.7872912286367127,0.29740480392139745,0.4262763618602942,0.39056538601030466,0.5418923281593603,0.45888899559321095,0.6315854355935993,0.4035021336492829,0.23832238263920819,1,10
SAM000515_tp1,0.23165949958071466,1.6899328575978394,0.9119613187052908,0.7092192060363779,0.2778821271681199,0.33604679605878446,0.24583365191166887,0.4308836595069328,0.4193051236930001,0.6206043947283414,0.3749022722422305,0.2059181153152667,0,10
SAM000431_tp1,0.21998689981804045,1.6706218048591994,0.8305258161672906,0.7558914838127864,0.26749673177563893,0.3027729468322423,0.23274821696275413,0.4149260478339418,0.38401993687370656,0.6060744553718055,0.32868824461813917,0.1695939895427226,0,10
SAM000234_tp1,0.2603384337584741,1.7936158939545717,0.9161980457237563,0.7732160838428773,0.281981523312995,0.35668075280583117,0.2853622846463068,0.4443874619763838,0.4120732136751875,0.6201980128384578,0.3484959006937033,0.2112624832379591,0,10
SAM000304_tp2,0.35172203767680704,1.9846790381821426,0.9302587696725445,0.7289199545638002,0.29125825078275364,0.35278548555494316,0.31659003076204145,0.4956882335919377,0.42919636041349507,0.6194576853709858,0.41184228226746716,0.23834002991015557,1,10
SAM000362_tp1,0.47930441816438607,2.4274847786619493,0.9809626717386267,0.7955252778098593,0.30487497578358247,0.46915781652258637,0.38425718361258254,0.584792624504033,0.4571988654807496,0.6547018393043735,0.4196478111402463,0.2648238273702802,1,10
SAM000485_tp1,0.33599212692434327,2.033361995331912,0.9771748516161943,0.6993131132876619,0.29398983863037,0.38572008096764904,0.30094495014488215,0.4987058921492467,0.41707231969226655,0.6222486787536098,0.38107195406367245,0.1887925906122658,1,10
SAM000553_tp1,0.21471272182523657,1.407145486032661,0.9060446636152694,0.642895825677407,0.2832509899498884,0.2725808467021674,0.23959620205761378,0.3846305524334703,0.4035695596026701,0.6100401120384326,0.3144641475754826,0.19120297438086617,0,10
SAM000317_tp1,0.3888146808214442,2.2601444699613817,0.873883313081931,0.7790425550498875,0.28129019123402205,0.4208150854282126,0.3290413915893064,0.5446779441558204,0.4193644267709945,0.6200934207427293,0.383623204160987,0.228632007349123,1,10
SAM000299_tp2,0.33215004641473783,2.2703860663147113,1.0988640268562788,0.7122763486484789,0.3006947679149395,0.3746278028252793,0.28051914531111827,0.508581218497032,0.4026467615183503,0.6319097266335507,0.4001664129825112,0.19198265749763455,1,10
SAM000214_tp2,0.3711985329620522,2.0309345317516403,0.9699587140560878,0.7091790743118327,0.30041395239772106,0.3886353969024344,0.34950367842944685,0.4923214044413193,0.41200730231109894,0.6626373220179105,0.3745437949140628,0.21988376918629196,1,10
SAM000263_tp1,0.3588511977939396,1.9727036652160865,0.9328723047172371,0.7792562497883385,0.3036335222287103,0.40143649788328095,0.32614297310317925,0.5003961808568345,0.43011215583866197,0.6395513962842818,0.38976536415756785,0.1905340783721018,1,10
SAM000348_tp1,0.3918171660466687,1.9474449397570017,1.0057559480414866,0.7797718574679711,0.27846053022912526,0.36318449829618876,0.32593417729142826,0.5228230537829217,0.43629804671095,0.6480496552295179,0.3989240608042655,0.22991697989822257,1,10
SAM000448_tp1,0.3545808908923107,2.155913995237936,0.9744072555290466,0.8052997041779437,0.306885840436866,0.433471737589146,0.3234293049792179,0.49642903977505376,0.43578239072833896,0.6107880706862667,0.4109927793025435,0.22920584409132452,1,10
SAM000410_tp1,0.28926181801443196,1.9897659792162,0.9045436607871771,0.7709603199604287,0.2802880092020892,0.34325318165707747,0.26609405677823744,0.4606379211043477,0.40075741534579656,0.6135316417363872,0.39777020605411656,0.20361750685594326,1,10
SAM000366_tp1,0.5061760110230176,2.83494418111298,1.0204250113063604,0.8305468252872769,0.3095212461903192,0.5090860003382383,0.4544275410534506,0.6450066363798268,0.4472030689867079,0.6370027649066877,0.4766984788125754,0.24598085336389783,1,10
SAM000523_tp2,0.22995126007473865,1.6266623768820654,0.9458528148190788,0.7156311219241777,0.2776975808819454,0.29609104956575755,0.258625002191574,0.40418283577255143,0.3969202297344716,0.6237502289572783,0.3391345762267007,0.17313349292985972,0,10
SAM000302_tp2,0.3659895171551998,2.2384367823690683,0.9201443676364301,0.7037944129096944,0.28953790084123393,0.41606750178946067,0.31821553725445634,0.509597980959947,0.4160866798714233,0.6324611056104065,0.4123166359297623,0.21957934260306444,1,10
SAM000266_tp2,0.423108250972844,2.4484254355306865,1.1277107627167198,0.7393426503245564,0.3214898872304943,0.4146398508558347,0.3960162304666117,0.5379251808681106,0.44915848865632646,0.6537942759327625,0.4319181749831722,0.22968764920359472,1,10
SAM000201_tp1,0.36703016693822077,2.174047564230733,1.0521643897905069,0.7666546786501834,0.32901153836970976,0.4363981985664612,0.31580159926345364,0.4804159007513231,0.42031308083417146,0.6257502722543734,0.4003648184046725,0.19677680097600653,1,10
SAM000319_tp2,0.34665142836027807,2.005360820752544,0.8556439707028112,0.7179580888732902,0.2801058134825052,0.4027194885915282,0.2973918611839714,0.48750355392194505,0.43451128280526335,0.6231484738548562,0.3856281857123598,0.20012858550082865,1,10
SAM000451_tp1,0.32868656729608825,1.7560921027257552,0.820465939964454,0.7465350553329766,0.2835773119140352,0.35087015464023724,0.27165065539717587,0.4374110066401096,0.42159948332179054,0.6228248979216024,0.38002241322361835,0.22603904838284922,1,10
SAM000499_tp2,0.25202191842301574,1.5260983552841407,0.8834155192529453,0.6916920275334419,0.2918292023506103,0.32952557755317924,0.2898771786694727,0.4080921902444247,0.42021290971605646,0.6271022528980934,0.3434531100881293,0.18247049075988783,1,10
SAM000286_tp1,0.31298228498720887,1.9972339395957144,0.9720127506923147,0.7418505297492337,0.2954337978872402,0.37040328081226265,0.31903839374326254,0.47098731763356594,0.4313787080103054,0.6171925995532064,0.40386822010440837,0.19267020334129709,0,10
SAM000536_tp1,0.21639526417344432,1.540257645308742,0.9737813778272294,0.7204928758142792,0.29016696632072664,0.33185952095824384,0.23392059055924352,0.4235908959338815,0.409818150551063,0.6253323448655147,0.35205885698296235,0.17286589766761085,0,10
SAM000266_tp3,0.3872111514804192,2.224383584290218,1.0807487518091852,0.7014308902462,0.32171635783442787,0.4325321526625367,0.38232530208637244,0.5272444628873102,0.4560799154920818,0.6393248909983276,0.45007691187625154,0.2506183018606125,1,10
SAM000235_tp2,0.28611780769743345,1.7474456813308885,0.9593475021260365,0.6824556828058713,0.28290107557260596,0.3710772903465304,0.27874780355544126,0.44678044736998757,0.4258250544816011,0.6166077043884698,0.3623763036970455,0.185032550556982,0,10
SAM000351_tp2,0.3948975189134098,2.3216466627503074,0.9559428527084757,0.7180112567801128,0.3015019103100202,0.39831686076750555,0.35248278140229117,0.5328575913910455,0.4165619193421995,0.6519267168716278,0.4156179514012665,0.24837337736910217,1,10
SAM000475_tp2,0.3664318331059983,2.159226150411451,0.9393093698668629,0.7279279460556741,0.3290116791906187,0.4530430491715843,0.4394997621621133,0.5395656198112256,0.4269135734898133,0.6036019648037629,0.4311814316515688,0.21875812491252877,1,10
SAM000433_tp2,0.4006135791529964,2.4608143755986007,0.9562799051470147,0.6938016905841512,0.31396302916241436,0.415461909767151,0.34028095823535287,0.5489692133082815,0.42973912872290604,0.6376166559149565,0.43211063202962996,0.25349630151357455,1,10
SAM000518_tp1,0.3758221766567308,2.223771155688415,0.9248268452663718,0.6896598124108867,0.3038884103225885,0.41651136850388915,0.30414968824920324,0.5030683347174042,0.42335452544883334,0.6102131805227311,0.4169281267886645,0.2390537130945157,0,10
SAM000394_tp2,0.285098264746298,1.855382171629837,0.9454865202213419,0.7058409915316798,0.3081946110604692,0.32895186381675984,0.2741105023325787,0.47461355812547273,0.4174242219615627,0.6063059163206305,0.39484800088088284,0.20636286863732056,1,10
SAM000247_tp1,0.2081530227438768,1.315237541779851,0.8800807212035742,0.7442495582961819,0.28135301124392886,0.29203416174317043,0.28008140210289884,0.3900658495213549,0.4211954131271196,0.5795044420825453,0.37492970043654794,0.18020219940808566,0,10
SAM000261_tp1,0.343097924462957,2.0474435039141214,0.9047597725337055,0.7710003670092594,0.2811715430042752,0.43860935199544165,0.3190383975422607,0.4981525062307402,0.4236731143070322,0.6196770967330545,0.3802877789275128,0.2115612705600666,1,10
SAM000536_tp2,0.25674776443249897,1.6657298374514413,1.0011620869500044,0.633106730921014,0.29963195020398975,0.3010290628847734,0.24877052964241744,0.4199841146396422,0.3933072730259471,0.6143393075981017,0.368651298534419,0.18721303898969194,0,10
